seq,batch,block,subject_position,subject,cell_position,profile,variant,attempt,attempt_id,matched_block_id
1,A,1,1,grpc2391,1,R,ok,1,c1v1-measured-grpc2391-b01-R-ok-a1,c1v1-grpc2391-b01
2,A,1,1,grpc2391,1,R,ok,2,c1v1-measured-grpc2391-b01-R-ok-a2,c1v1-grpc2391-b01
3,A,1,1,grpc2391,1,R,ok,3,c1v1-measured-grpc2391-b01-R-ok-a3,c1v1-grpc2391-b01
4,A,1,1,grpc2391,2,L,ok,1,c1v1-measured-grpc2391-b01-L-ok-a1,c1v1-grpc2391-b01
5,A,1,1,grpc2391,2,L,ok,2,c1v1-measured-grpc2391-b01-L-ok-a2,c1v1-grpc2391-b01
6,A,1,1,grpc2391,2,L,ok,3,c1v1-measured-grpc2391-b01-L-ok-a3,c1v1-grpc2391-b01
7,A,1,1,grpc2391,3,L,bad,1,c1v1-measured-grpc2391-b01-L-bad-a1,c1v1-grpc2391-b01
8,A,1,1,grpc2391,3,L,bad,2,c1v1-measured-grpc2391-b01-L-bad-a2,c1v1-grpc2391-b01
9,A,1,1,grpc2391,3,L,bad,3,c1v1-measured-grpc2391-b01-L-bad-a3,c1v1-grpc2391-b01
10,A,1,1,grpc2391,4,R,bad,1,c1v1-measured-grpc2391-b01-R-bad-a1,c1v1-grpc2391-b01
11,A,1,1,grpc2391,4,R,bad,2,c1v1-measured-grpc2391-b01-R-bad-a2,c1v1-grpc2391-b01
12,A,1,1,grpc2391,4,R,bad,3,c1v1-measured-grpc2391-b01-R-bad-a3,c1v1-grpc2391-b01
13,A,1,2,etcd7492,1,R,bad,1,c1v1-measured-etcd7492-b01-R-bad-a1,c1v1-etcd7492-b01
14,A,1,2,etcd7492,1,R,bad,2,c1v1-measured-etcd7492-b01-R-bad-a2,c1v1-etcd7492-b01
15,A,1,2,etcd7492,1,R,bad,3,c1v1-measured-etcd7492-b01-R-bad-a3,c1v1-etcd7492-b01
16,A,1,2,etcd7492,2,L,ok,1,c1v1-measured-etcd7492-b01-L-ok-a1,c1v1-etcd7492-b01
17,A,1,2,etcd7492,2,L,ok,2,c1v1-measured-etcd7492-b01-L-ok-a2,c1v1-etcd7492-b01
18,A,1,2,etcd7492,2,L,ok,3,c1v1-measured-etcd7492-b01-L-ok-a3,c1v1-etcd7492-b01
19,A,1,2,etcd7492,3,L,bad,1,c1v1-measured-etcd7492-b01-L-bad-a1,c1v1-etcd7492-b01
20,A,1,2,etcd7492,3,L,bad,2,c1v1-measured-etcd7492-b01-L-bad-a2,c1v1-etcd7492-b01
21,A,1,2,etcd7492,3,L,bad,3,c1v1-measured-etcd7492-b01-L-bad-a3,c1v1-etcd7492-b01
22,A,1,2,etcd7492,4,R,ok,1,c1v1-measured-etcd7492-b01-R-ok-a1,c1v1-etcd7492-b01
23,A,1,2,etcd7492,4,R,ok,2,c1v1-measured-etcd7492-b01-R-ok-a2,c1v1-etcd7492-b01
24,A,1,2,etcd7492,4,R,ok,3,c1v1-measured-etcd7492-b01-R-ok-a3,c1v1-etcd7492-b01
25,A,1,3,grpc1859,1,R,bad,1,c1v1-measured-grpc1859-b01-R-bad-a1,c1v1-grpc1859-b01
26,A,1,3,grpc1859,1,R,bad,2,c1v1-measured-grpc1859-b01-R-bad-a2,c1v1-grpc1859-b01
27,A,1,3,grpc1859,1,R,bad,3,c1v1-measured-grpc1859-b01-R-bad-a3,c1v1-grpc1859-b01
28,A,1,3,grpc1859,2,L,ok,1,c1v1-measured-grpc1859-b01-L-ok-a1,c1v1-grpc1859-b01
29,A,1,3,grpc1859,2,L,ok,2,c1v1-measured-grpc1859-b01-L-ok-a2,c1v1-grpc1859-b01
30,A,1,3,grpc1859,2,L,ok,3,c1v1-measured-grpc1859-b01-L-ok-a3,c1v1-grpc1859-b01
31,A,1,3,grpc1859,3,L,bad,1,c1v1-measured-grpc1859-b01-L-bad-a1,c1v1-grpc1859-b01
32,A,1,3,grpc1859,3,L,bad,2,c1v1-measured-grpc1859-b01-L-bad-a2,c1v1-grpc1859-b01
33,A,1,3,grpc1859,3,L,bad,3,c1v1-measured-grpc1859-b01-L-bad-a3,c1v1-grpc1859-b01
34,A,1,3,grpc1859,4,R,ok,1,c1v1-measured-grpc1859-b01-R-ok-a1,c1v1-grpc1859-b01
35,A,1,3,grpc1859,4,R,ok,2,c1v1-measured-grpc1859-b01-R-ok-a2,c1v1-grpc1859-b01
36,A,1,3,grpc1859,4,R,ok,3,c1v1-measured-grpc1859-b01-R-ok-a3,c1v1-grpc1859-b01
37,A,1,4,istio17860,1,R,ok,1,c1v1-measured-istio17860-b01-R-ok-a1,c1v1-istio17860-b01
38,A,1,4,istio17860,1,R,ok,2,c1v1-measured-istio17860-b01-R-ok-a2,c1v1-istio17860-b01
39,A,1,4,istio17860,1,R,ok,3,c1v1-measured-istio17860-b01-R-ok-a3,c1v1-istio17860-b01
40,A,1,4,istio17860,2,L,ok,1,c1v1-measured-istio17860-b01-L-ok-a1,c1v1-istio17860-b01
41,A,1,4,istio17860,2,L,ok,2,c1v1-measured-istio17860-b01-L-ok-a2,c1v1-istio17860-b01
42,A,1,4,istio17860,2,L,ok,3,c1v1-measured-istio17860-b01-L-ok-a3,c1v1-istio17860-b01
43,A,1,4,istio17860,3,R,bad,1,c1v1-measured-istio17860-b01-R-bad-a1,c1v1-istio17860-b01
44,A,1,4,istio17860,3,R,bad,2,c1v1-measured-istio17860-b01-R-bad-a2,c1v1-istio17860-b01
45,A,1,4,istio17860,3,R,bad,3,c1v1-measured-istio17860-b01-R-bad-a3,c1v1-istio17860-b01
46,A,1,4,istio17860,4,L,bad,1,c1v1-measured-istio17860-b01-L-bad-a1,c1v1-istio17860-b01
47,A,1,4,istio17860,4,L,bad,2,c1v1-measured-istio17860-b01-L-bad-a2,c1v1-istio17860-b01
48,A,1,4,istio17860,4,L,bad,3,c1v1-measured-istio17860-b01-L-bad-a3,c1v1-istio17860-b01
49,A,1,5,etcd5509,1,R,bad,1,c1v1-measured-etcd5509-b01-R-bad-a1,c1v1-etcd5509-b01
50,A,1,5,etcd5509,1,R,bad,2,c1v1-measured-etcd5509-b01-R-bad-a2,c1v1-etcd5509-b01
51,A,1,5,etcd5509,1,R,bad,3,c1v1-measured-etcd5509-b01-R-bad-a3,c1v1-etcd5509-b01
52,A,1,5,etcd5509,2,R,ok,1,c1v1-measured-etcd5509-b01-R-ok-a1,c1v1-etcd5509-b01
53,A,1,5,etcd5509,2,R,ok,2,c1v1-measured-etcd5509-b01-R-ok-a2,c1v1-etcd5509-b01
54,A,1,5,etcd5509,2,R,ok,3,c1v1-measured-etcd5509-b01-R-ok-a3,c1v1-etcd5509-b01
55,A,1,5,etcd5509,3,L,ok,1,c1v1-measured-etcd5509-b01-L-ok-a1,c1v1-etcd5509-b01
56,A,1,5,etcd5509,3,L,ok,2,c1v1-measured-etcd5509-b01-L-ok-a2,c1v1-etcd5509-b01
57,A,1,5,etcd5509,3,L,ok,3,c1v1-measured-etcd5509-b01-L-ok-a3,c1v1-etcd5509-b01
58,A,1,5,etcd5509,4,L,bad,1,c1v1-measured-etcd5509-b01-L-bad-a1,c1v1-etcd5509-b01
59,A,1,5,etcd5509,4,L,bad,2,c1v1-measured-etcd5509-b01-L-bad-a2,c1v1-etcd5509-b01
60,A,1,5,etcd5509,4,L,bad,3,c1v1-measured-etcd5509-b01-L-bad-a3,c1v1-etcd5509-b01
61,A,1,6,k8s26980,1,R,ok,1,c1v1-measured-k8s26980-b01-R-ok-a1,c1v1-k8s26980-b01
62,A,1,6,k8s26980,1,R,ok,2,c1v1-measured-k8s26980-b01-R-ok-a2,c1v1-k8s26980-b01
63,A,1,6,k8s26980,1,R,ok,3,c1v1-measured-k8s26980-b01-R-ok-a3,c1v1-k8s26980-b01
64,A,1,6,k8s26980,2,R,bad,1,c1v1-measured-k8s26980-b01-R-bad-a1,c1v1-k8s26980-b01
65,A,1,6,k8s26980,2,R,bad,2,c1v1-measured-k8s26980-b01-R-bad-a2,c1v1-k8s26980-b01
66,A,1,6,k8s26980,2,R,bad,3,c1v1-measured-k8s26980-b01-R-bad-a3,c1v1-k8s26980-b01
67,A,1,6,k8s26980,3,L,bad,1,c1v1-measured-k8s26980-b01-L-bad-a1,c1v1-k8s26980-b01
68,A,1,6,k8s26980,3,L,bad,2,c1v1-measured-k8s26980-b01-L-bad-a2,c1v1-k8s26980-b01
69,A,1,6,k8s26980,3,L,bad,3,c1v1-measured-k8s26980-b01-L-bad-a3,c1v1-k8s26980-b01
70,A,1,6,k8s26980,4,L,ok,1,c1v1-measured-k8s26980-b01-L-ok-a1,c1v1-k8s26980-b01
71,A,1,6,k8s26980,4,L,ok,2,c1v1-measured-k8s26980-b01-L-ok-a2,c1v1-k8s26980-b01
72,A,1,6,k8s26980,4,L,ok,3,c1v1-measured-k8s26980-b01-L-ok-a3,c1v1-k8s26980-b01
73,A,2,1,k8s26980,1,R,ok,1,c1v1-measured-k8s26980-b02-R-ok-a1,c1v1-k8s26980-b02
74,A,2,1,k8s26980,1,R,ok,2,c1v1-measured-k8s26980-b02-R-ok-a2,c1v1-k8s26980-b02
75,A,2,1,k8s26980,1,R,ok,3,c1v1-measured-k8s26980-b02-R-ok-a3,c1v1-k8s26980-b02
76,A,2,1,k8s26980,2,L,bad,1,c1v1-measured-k8s26980-b02-L-bad-a1,c1v1-k8s26980-b02
77,A,2,1,k8s26980,2,L,bad,2,c1v1-measured-k8s26980-b02-L-bad-a2,c1v1-k8s26980-b02
78,A,2,1,k8s26980,2,L,bad,3,c1v1-measured-k8s26980-b02-L-bad-a3,c1v1-k8s26980-b02
79,A,2,1,k8s26980,3,L,ok,1,c1v1-measured-k8s26980-b02-L-ok-a1,c1v1-k8s26980-b02
80,A,2,1,k8s26980,3,L,ok,2,c1v1-measured-k8s26980-b02-L-ok-a2,c1v1-k8s26980-b02
81,A,2,1,k8s26980,3,L,ok,3,c1v1-measured-k8s26980-b02-L-ok-a3,c1v1-k8s26980-b02
82,A,2,1,k8s26980,4,R,bad,1,c1v1-measured-k8s26980-b02-R-bad-a1,c1v1-k8s26980-b02
83,A,2,1,k8s26980,4,R,bad,2,c1v1-measured-k8s26980-b02-R-bad-a2,c1v1-k8s26980-b02
84,A,2,1,k8s26980,4,R,bad,3,c1v1-measured-k8s26980-b02-R-bad-a3,c1v1-k8s26980-b02
85,A,2,2,istio17860,1,L,bad,1,c1v1-measured-istio17860-b02-L-bad-a1,c1v1-istio17860-b02
86,A,2,2,istio17860,1,L,bad,2,c1v1-measured-istio17860-b02-L-bad-a2,c1v1-istio17860-b02
87,A,2,2,istio17860,1,L,bad,3,c1v1-measured-istio17860-b02-L-bad-a3,c1v1-istio17860-b02
88,A,2,2,istio17860,2,R,bad,1,c1v1-measured-istio17860-b02-R-bad-a1,c1v1-istio17860-b02
89,A,2,2,istio17860,2,R,bad,2,c1v1-measured-istio17860-b02-R-bad-a2,c1v1-istio17860-b02
90,A,2,2,istio17860,2,R,bad,3,c1v1-measured-istio17860-b02-R-bad-a3,c1v1-istio17860-b02
91,A,2,2,istio17860,3,R,ok,1,c1v1-measured-istio17860-b02-R-ok-a1,c1v1-istio17860-b02
92,A,2,2,istio17860,3,R,ok,2,c1v1-measured-istio17860-b02-R-ok-a2,c1v1-istio17860-b02
93,A,2,2,istio17860,3,R,ok,3,c1v1-measured-istio17860-b02-R-ok-a3,c1v1-istio17860-b02
94,A,2,2,istio17860,4,L,ok,1,c1v1-measured-istio17860-b02-L-ok-a1,c1v1-istio17860-b02
95,A,2,2,istio17860,4,L,ok,2,c1v1-measured-istio17860-b02-L-ok-a2,c1v1-istio17860-b02
96,A,2,2,istio17860,4,L,ok,3,c1v1-measured-istio17860-b02-L-ok-a3,c1v1-istio17860-b02
97,A,2,3,etcd5509,1,L,bad,1,c1v1-measured-etcd5509-b02-L-bad-a1,c1v1-etcd5509-b02
98,A,2,3,etcd5509,1,L,bad,2,c1v1-measured-etcd5509-b02-L-bad-a2,c1v1-etcd5509-b02
99,A,2,3,etcd5509,1,L,bad,3,c1v1-measured-etcd5509-b02-L-bad-a3,c1v1-etcd5509-b02
100,A,2,3,etcd5509,2,R,bad,1,c1v1-measured-etcd5509-b02-R-bad-a1,c1v1-etcd5509-b02
101,A,2,3,etcd5509,2,R,bad,2,c1v1-measured-etcd5509-b02-R-bad-a2,c1v1-etcd5509-b02
102,A,2,3,etcd5509,2,R,bad,3,c1v1-measured-etcd5509-b02-R-bad-a3,c1v1-etcd5509-b02
103,A,2,3,etcd5509,3,L,ok,1,c1v1-measured-etcd5509-b02-L-ok-a1,c1v1-etcd5509-b02
104,A,2,3,etcd5509,3,L,ok,2,c1v1-measured-etcd5509-b02-L-ok-a2,c1v1-etcd5509-b02
105,A,2,3,etcd5509,3,L,ok,3,c1v1-measured-etcd5509-b02-L-ok-a3,c1v1-etcd5509-b02
106,A,2,3,etcd5509,4,R,ok,1,c1v1-measured-etcd5509-b02-R-ok-a1,c1v1-etcd5509-b02
107,A,2,3,etcd5509,4,R,ok,2,c1v1-measured-etcd5509-b02-R-ok-a2,c1v1-etcd5509-b02
108,A,2,3,etcd5509,4,R,ok,3,c1v1-measured-etcd5509-b02-R-ok-a3,c1v1-etcd5509-b02
109,A,2,4,grpc1859,1,L,bad,1,c1v1-measured-grpc1859-b02-L-bad-a1,c1v1-grpc1859-b02
110,A,2,4,grpc1859,1,L,bad,2,c1v1-measured-grpc1859-b02-L-bad-a2,c1v1-grpc1859-b02
111,A,2,4,grpc1859,1,L,bad,3,c1v1-measured-grpc1859-b02-L-bad-a3,c1v1-grpc1859-b02
112,A,2,4,grpc1859,2,R,ok,1,c1v1-measured-grpc1859-b02-R-ok-a1,c1v1-grpc1859-b02
113,A,2,4,grpc1859,2,R,ok,2,c1v1-measured-grpc1859-b02-R-ok-a2,c1v1-grpc1859-b02
114,A,2,4,grpc1859,2,R,ok,3,c1v1-measured-grpc1859-b02-R-ok-a3,c1v1-grpc1859-b02
115,A,2,4,grpc1859,3,L,ok,1,c1v1-measured-grpc1859-b02-L-ok-a1,c1v1-grpc1859-b02
116,A,2,4,grpc1859,3,L,ok,2,c1v1-measured-grpc1859-b02-L-ok-a2,c1v1-grpc1859-b02
117,A,2,4,grpc1859,3,L,ok,3,c1v1-measured-grpc1859-b02-L-ok-a3,c1v1-grpc1859-b02
118,A,2,4,grpc1859,4,R,bad,1,c1v1-measured-grpc1859-b02-R-bad-a1,c1v1-grpc1859-b02
119,A,2,4,grpc1859,4,R,bad,2,c1v1-measured-grpc1859-b02-R-bad-a2,c1v1-grpc1859-b02
120,A,2,4,grpc1859,4,R,bad,3,c1v1-measured-grpc1859-b02-R-bad-a3,c1v1-grpc1859-b02
121,A,2,5,grpc2391,1,L,ok,1,c1v1-measured-grpc2391-b02-L-ok-a1,c1v1-grpc2391-b02
122,A,2,5,grpc2391,1,L,ok,2,c1v1-measured-grpc2391-b02-L-ok-a2,c1v1-grpc2391-b02
123,A,2,5,grpc2391,1,L,ok,3,c1v1-measured-grpc2391-b02-L-ok-a3,c1v1-grpc2391-b02
124,A,2,5,grpc2391,2,R,bad,1,c1v1-measured-grpc2391-b02-R-bad-a1,c1v1-grpc2391-b02
125,A,2,5,grpc2391,2,R,bad,2,c1v1-measured-grpc2391-b02-R-bad-a2,c1v1-grpc2391-b02
126,A,2,5,grpc2391,2,R,bad,3,c1v1-measured-grpc2391-b02-R-bad-a3,c1v1-grpc2391-b02
127,A,2,5,grpc2391,3,L,bad,1,c1v1-measured-grpc2391-b02-L-bad-a1,c1v1-grpc2391-b02
128,A,2,5,grpc2391,3,L,bad,2,c1v1-measured-grpc2391-b02-L-bad-a2,c1v1-grpc2391-b02
129,A,2,5,grpc2391,3,L,bad,3,c1v1-measured-grpc2391-b02-L-bad-a3,c1v1-grpc2391-b02
130,A,2,5,grpc2391,4,R,ok,1,c1v1-measured-grpc2391-b02-R-ok-a1,c1v1-grpc2391-b02
131,A,2,5,grpc2391,4,R,ok,2,c1v1-measured-grpc2391-b02-R-ok-a2,c1v1-grpc2391-b02
132,A,2,5,grpc2391,4,R,ok,3,c1v1-measured-grpc2391-b02-R-ok-a3,c1v1-grpc2391-b02
133,A,2,6,etcd7492,1,R,ok,1,c1v1-measured-etcd7492-b02-R-ok-a1,c1v1-etcd7492-b02
134,A,2,6,etcd7492,1,R,ok,2,c1v1-measured-etcd7492-b02-R-ok-a2,c1v1-etcd7492-b02
135,A,2,6,etcd7492,1,R,ok,3,c1v1-measured-etcd7492-b02-R-ok-a3,c1v1-etcd7492-b02
136,A,2,6,etcd7492,2,L,bad,1,c1v1-measured-etcd7492-b02-L-bad-a1,c1v1-etcd7492-b02
137,A,2,6,etcd7492,2,L,bad,2,c1v1-measured-etcd7492-b02-L-bad-a2,c1v1-etcd7492-b02
138,A,2,6,etcd7492,2,L,bad,3,c1v1-measured-etcd7492-b02-L-bad-a3,c1v1-etcd7492-b02
139,A,2,6,etcd7492,3,R,bad,1,c1v1-measured-etcd7492-b02-R-bad-a1,c1v1-etcd7492-b02
140,A,2,6,etcd7492,3,R,bad,2,c1v1-measured-etcd7492-b02-R-bad-a2,c1v1-etcd7492-b02
141,A,2,6,etcd7492,3,R,bad,3,c1v1-measured-etcd7492-b02-R-bad-a3,c1v1-etcd7492-b02
142,A,2,6,etcd7492,4,L,ok,1,c1v1-measured-etcd7492-b02-L-ok-a1,c1v1-etcd7492-b02
143,A,2,6,etcd7492,4,L,ok,2,c1v1-measured-etcd7492-b02-L-ok-a2,c1v1-etcd7492-b02
144,A,2,6,etcd7492,4,L,ok,3,c1v1-measured-etcd7492-b02-L-ok-a3,c1v1-etcd7492-b02
145,A,3,1,etcd5509,1,R,ok,1,c1v1-measured-etcd5509-b03-R-ok-a1,c1v1-etcd5509-b03
146,A,3,1,etcd5509,1,R,ok,2,c1v1-measured-etcd5509-b03-R-ok-a2,c1v1-etcd5509-b03
147,A,3,1,etcd5509,1,R,ok,3,c1v1-measured-etcd5509-b03-R-ok-a3,c1v1-etcd5509-b03
148,A,3,1,etcd5509,2,R,bad,1,c1v1-measured-etcd5509-b03-R-bad-a1,c1v1-etcd5509-b03
149,A,3,1,etcd5509,2,R,bad,2,c1v1-measured-etcd5509-b03-R-bad-a2,c1v1-etcd5509-b03
150,A,3,1,etcd5509,2,R,bad,3,c1v1-measured-etcd5509-b03-R-bad-a3,c1v1-etcd5509-b03
151,A,3,1,etcd5509,3,L,ok,1,c1v1-measured-etcd5509-b03-L-ok-a1,c1v1-etcd5509-b03
152,A,3,1,etcd5509,3,L,ok,2,c1v1-measured-etcd5509-b03-L-ok-a2,c1v1-etcd5509-b03
153,A,3,1,etcd5509,3,L,ok,3,c1v1-measured-etcd5509-b03-L-ok-a3,c1v1-etcd5509-b03
154,A,3,1,etcd5509,4,L,bad,1,c1v1-measured-etcd5509-b03-L-bad-a1,c1v1-etcd5509-b03
155,A,3,1,etcd5509,4,L,bad,2,c1v1-measured-etcd5509-b03-L-bad-a2,c1v1-etcd5509-b03
156,A,3,1,etcd5509,4,L,bad,3,c1v1-measured-etcd5509-b03-L-bad-a3,c1v1-etcd5509-b03
157,A,3,2,etcd7492,1,R,bad,1,c1v1-measured-etcd7492-b03-R-bad-a1,c1v1-etcd7492-b03
158,A,3,2,etcd7492,1,R,bad,2,c1v1-measured-etcd7492-b03-R-bad-a2,c1v1-etcd7492-b03
159,A,3,2,etcd7492,1,R,bad,3,c1v1-measured-etcd7492-b03-R-bad-a3,c1v1-etcd7492-b03
160,A,3,2,etcd7492,2,L,bad,1,c1v1-measured-etcd7492-b03-L-bad-a1,c1v1-etcd7492-b03
161,A,3,2,etcd7492,2,L,bad,2,c1v1-measured-etcd7492-b03-L-bad-a2,c1v1-etcd7492-b03
162,A,3,2,etcd7492,2,L,bad,3,c1v1-measured-etcd7492-b03-L-bad-a3,c1v1-etcd7492-b03
163,A,3,2,etcd7492,3,L,ok,1,c1v1-measured-etcd7492-b03-L-ok-a1,c1v1-etcd7492-b03
164,A,3,2,etcd7492,3,L,ok,2,c1v1-measured-etcd7492-b03-L-ok-a2,c1v1-etcd7492-b03
165,A,3,2,etcd7492,3,L,ok,3,c1v1-measured-etcd7492-b03-L-ok-a3,c1v1-etcd7492-b03
166,A,3,2,etcd7492,4,R,ok,1,c1v1-measured-etcd7492-b03-R-ok-a1,c1v1-etcd7492-b03
167,A,3,2,etcd7492,4,R,ok,2,c1v1-measured-etcd7492-b03-R-ok-a2,c1v1-etcd7492-b03
168,A,3,2,etcd7492,4,R,ok,3,c1v1-measured-etcd7492-b03-R-ok-a3,c1v1-etcd7492-b03
169,A,3,3,grpc1859,1,R,bad,1,c1v1-measured-grpc1859-b03-R-bad-a1,c1v1-grpc1859-b03
170,A,3,3,grpc1859,1,R,bad,2,c1v1-measured-grpc1859-b03-R-bad-a2,c1v1-grpc1859-b03
171,A,3,3,grpc1859,1,R,bad,3,c1v1-measured-grpc1859-b03-R-bad-a3,c1v1-grpc1859-b03
172,A,3,3,grpc1859,2,R,ok,1,c1v1-measured-grpc1859-b03-R-ok-a1,c1v1-grpc1859-b03
173,A,3,3,grpc1859,2,R,ok,2,c1v1-measured-grpc1859-b03-R-ok-a2,c1v1-grpc1859-b03
174,A,3,3,grpc1859,2,R,ok,3,c1v1-measured-grpc1859-b03-R-ok-a3,c1v1-grpc1859-b03
175,A,3,3,grpc1859,3,L,ok,1,c1v1-measured-grpc1859-b03-L-ok-a1,c1v1-grpc1859-b03
176,A,3,3,grpc1859,3,L,ok,2,c1v1-measured-grpc1859-b03-L-ok-a2,c1v1-grpc1859-b03
177,A,3,3,grpc1859,3,L,ok,3,c1v1-measured-grpc1859-b03-L-ok-a3,c1v1-grpc1859-b03
178,A,3,3,grpc1859,4,L,bad,1,c1v1-measured-grpc1859-b03-L-bad-a1,c1v1-grpc1859-b03
179,A,3,3,grpc1859,4,L,bad,2,c1v1-measured-grpc1859-b03-L-bad-a2,c1v1-grpc1859-b03
180,A,3,3,grpc1859,4,L,bad,3,c1v1-measured-grpc1859-b03-L-bad-a3,c1v1-grpc1859-b03
181,A,3,4,istio17860,1,R,bad,1,c1v1-measured-istio17860-b03-R-bad-a1,c1v1-istio17860-b03
182,A,3,4,istio17860,1,R,bad,2,c1v1-measured-istio17860-b03-R-bad-a2,c1v1-istio17860-b03
183,A,3,4,istio17860,1,R,bad,3,c1v1-measured-istio17860-b03-R-bad-a3,c1v1-istio17860-b03
184,A,3,4,istio17860,2,L,ok,1,c1v1-measured-istio17860-b03-L-ok-a1,c1v1-istio17860-b03
185,A,3,4,istio17860,2,L,ok,2,c1v1-measured-istio17860-b03-L-ok-a2,c1v1-istio17860-b03
186,A,3,4,istio17860,2,L,ok,3,c1v1-measured-istio17860-b03-L-ok-a3,c1v1-istio17860-b03
187,A,3,4,istio17860,3,R,ok,1,c1v1-measured-istio17860-b03-R-ok-a1,c1v1-istio17860-b03
188,A,3,4,istio17860,3,R,ok,2,c1v1-measured-istio17860-b03-R-ok-a2,c1v1-istio17860-b03
189,A,3,4,istio17860,3,R,ok,3,c1v1-measured-istio17860-b03-R-ok-a3,c1v1-istio17860-b03
190,A,3,4,istio17860,4,L,bad,1,c1v1-measured-istio17860-b03-L-bad-a1,c1v1-istio17860-b03
191,A,3,4,istio17860,4,L,bad,2,c1v1-measured-istio17860-b03-L-bad-a2,c1v1-istio17860-b03
192,A,3,4,istio17860,4,L,bad,3,c1v1-measured-istio17860-b03-L-bad-a3,c1v1-istio17860-b03
193,A,3,5,grpc2391,1,L,ok,1,c1v1-measured-grpc2391-b03-L-ok-a1,c1v1-grpc2391-b03
194,A,3,5,grpc2391,1,L,ok,2,c1v1-measured-grpc2391-b03-L-ok-a2,c1v1-grpc2391-b03
195,A,3,5,grpc2391,1,L,ok,3,c1v1-measured-grpc2391-b03-L-ok-a3,c1v1-grpc2391-b03
196,A,3,5,grpc2391,2,R,bad,1,c1v1-measured-grpc2391-b03-R-bad-a1,c1v1-grpc2391-b03
197,A,3,5,grpc2391,2,R,bad,2,c1v1-measured-grpc2391-b03-R-bad-a2,c1v1-grpc2391-b03
198,A,3,5,grpc2391,2,R,bad,3,c1v1-measured-grpc2391-b03-R-bad-a3,c1v1-grpc2391-b03
199,A,3,5,grpc2391,3,L,bad,1,c1v1-measured-grpc2391-b03-L-bad-a1,c1v1-grpc2391-b03
200,A,3,5,grpc2391,3,L,bad,2,c1v1-measured-grpc2391-b03-L-bad-a2,c1v1-grpc2391-b03
201,A,3,5,grpc2391,3,L,bad,3,c1v1-measured-grpc2391-b03-L-bad-a3,c1v1-grpc2391-b03
202,A,3,5,grpc2391,4,R,ok,1,c1v1-measured-grpc2391-b03-R-ok-a1,c1v1-grpc2391-b03
203,A,3,5,grpc2391,4,R,ok,2,c1v1-measured-grpc2391-b03-R-ok-a2,c1v1-grpc2391-b03
204,A,3,5,grpc2391,4,R,ok,3,c1v1-measured-grpc2391-b03-R-ok-a3,c1v1-grpc2391-b03
205,A,3,6,k8s26980,1,R,ok,1,c1v1-measured-k8s26980-b03-R-ok-a1,c1v1-k8s26980-b03
206,A,3,6,k8s26980,1,R,ok,2,c1v1-measured-k8s26980-b03-R-ok-a2,c1v1-k8s26980-b03
207,A,3,6,k8s26980,1,R,ok,3,c1v1-measured-k8s26980-b03-R-ok-a3,c1v1-k8s26980-b03
208,A,3,6,k8s26980,2,R,bad,1,c1v1-measured-k8s26980-b03-R-bad-a1,c1v1-k8s26980-b03
209,A,3,6,k8s26980,2,R,bad,2,c1v1-measured-k8s26980-b03-R-bad-a2,c1v1-k8s26980-b03
210,A,3,6,k8s26980,2,R,bad,3,c1v1-measured-k8s26980-b03-R-bad-a3,c1v1-k8s26980-b03
211,A,3,6,k8s26980,3,L,ok,1,c1v1-measured-k8s26980-b03-L-ok-a1,c1v1-k8s26980-b03
212,A,3,6,k8s26980,3,L,ok,2,c1v1-measured-k8s26980-b03-L-ok-a2,c1v1-k8s26980-b03
213,A,3,6,k8s26980,3,L,ok,3,c1v1-measured-k8s26980-b03-L-ok-a3,c1v1-k8s26980-b03
214,A,3,6,k8s26980,4,L,bad,1,c1v1-measured-k8s26980-b03-L-bad-a1,c1v1-k8s26980-b03
215,A,3,6,k8s26980,4,L,bad,2,c1v1-measured-k8s26980-b03-L-bad-a2,c1v1-k8s26980-b03
216,A,3,6,k8s26980,4,L,bad,3,c1v1-measured-k8s26980-b03-L-bad-a3,c1v1-k8s26980-b03
217,A,4,1,grpc2391,1,L,bad,1,c1v1-measured-grpc2391-b04-L-bad-a1,c1v1-grpc2391-b04
218,A,4,1,grpc2391,1,L,bad,2,c1v1-measured-grpc2391-b04-L-bad-a2,c1v1-grpc2391-b04
219,A,4,1,grpc2391,1,L,bad,3,c1v1-measured-grpc2391-b04-L-bad-a3,c1v1-grpc2391-b04
220,A,4,1,grpc2391,2,R,bad,1,c1v1-measured-grpc2391-b04-R-bad-a1,c1v1-grpc2391-b04
221,A,4,1,grpc2391,2,R,bad,2,c1v1-measured-grpc2391-b04-R-bad-a2,c1v1-grpc2391-b04
222,A,4,1,grpc2391,2,R,bad,3,c1v1-measured-grpc2391-b04-R-bad-a3,c1v1-grpc2391-b04
223,A,4,1,grpc2391,3,R,ok,1,c1v1-measured-grpc2391-b04-R-ok-a1,c1v1-grpc2391-b04
224,A,4,1,grpc2391,3,R,ok,2,c1v1-measured-grpc2391-b04-R-ok-a2,c1v1-grpc2391-b04
225,A,4,1,grpc2391,3,R,ok,3,c1v1-measured-grpc2391-b04-R-ok-a3,c1v1-grpc2391-b04
226,A,4,1,grpc2391,4,L,ok,1,c1v1-measured-grpc2391-b04-L-ok-a1,c1v1-grpc2391-b04
227,A,4,1,grpc2391,4,L,ok,2,c1v1-measured-grpc2391-b04-L-ok-a2,c1v1-grpc2391-b04
228,A,4,1,grpc2391,4,L,ok,3,c1v1-measured-grpc2391-b04-L-ok-a3,c1v1-grpc2391-b04
229,A,4,2,etcd7492,1,R,bad,1,c1v1-measured-etcd7492-b04-R-bad-a1,c1v1-etcd7492-b04
230,A,4,2,etcd7492,1,R,bad,2,c1v1-measured-etcd7492-b04-R-bad-a2,c1v1-etcd7492-b04
231,A,4,2,etcd7492,1,R,bad,3,c1v1-measured-etcd7492-b04-R-bad-a3,c1v1-etcd7492-b04
232,A,4,2,etcd7492,2,L,ok,1,c1v1-measured-etcd7492-b04-L-ok-a1,c1v1-etcd7492-b04
233,A,4,2,etcd7492,2,L,ok,2,c1v1-measured-etcd7492-b04-L-ok-a2,c1v1-etcd7492-b04
234,A,4,2,etcd7492,2,L,ok,3,c1v1-measured-etcd7492-b04-L-ok-a3,c1v1-etcd7492-b04
235,A,4,2,etcd7492,3,L,bad,1,c1v1-measured-etcd7492-b04-L-bad-a1,c1v1-etcd7492-b04
236,A,4,2,etcd7492,3,L,bad,2,c1v1-measured-etcd7492-b04-L-bad-a2,c1v1-etcd7492-b04
237,A,4,2,etcd7492,3,L,bad,3,c1v1-measured-etcd7492-b04-L-bad-a3,c1v1-etcd7492-b04
238,A,4,2,etcd7492,4,R,ok,1,c1v1-measured-etcd7492-b04-R-ok-a1,c1v1-etcd7492-b04
239,A,4,2,etcd7492,4,R,ok,2,c1v1-measured-etcd7492-b04-R-ok-a2,c1v1-etcd7492-b04
240,A,4,2,etcd7492,4,R,ok,3,c1v1-measured-etcd7492-b04-R-ok-a3,c1v1-etcd7492-b04
241,A,4,3,k8s26980,1,L,bad,1,c1v1-measured-k8s26980-b04-L-bad-a1,c1v1-k8s26980-b04
242,A,4,3,k8s26980,1,L,bad,2,c1v1-measured-k8s26980-b04-L-bad-a2,c1v1-k8s26980-b04
243,A,4,3,k8s26980,1,L,bad,3,c1v1-measured-k8s26980-b04-L-bad-a3,c1v1-k8s26980-b04
244,A,4,3,k8s26980,2,R,ok,1,c1v1-measured-k8s26980-b04-R-ok-a1,c1v1-k8s26980-b04
245,A,4,3,k8s26980,2,R,ok,2,c1v1-measured-k8s26980-b04-R-ok-a2,c1v1-k8s26980-b04
246,A,4,3,k8s26980,2,R,ok,3,c1v1-measured-k8s26980-b04-R-ok-a3,c1v1-k8s26980-b04
247,A,4,3,k8s26980,3,R,bad,1,c1v1-measured-k8s26980-b04-R-bad-a1,c1v1-k8s26980-b04
248,A,4,3,k8s26980,3,R,bad,2,c1v1-measured-k8s26980-b04-R-bad-a2,c1v1-k8s26980-b04
249,A,4,3,k8s26980,3,R,bad,3,c1v1-measured-k8s26980-b04-R-bad-a3,c1v1-k8s26980-b04
250,A,4,3,k8s26980,4,L,ok,1,c1v1-measured-k8s26980-b04-L-ok-a1,c1v1-k8s26980-b04
251,A,4,3,k8s26980,4,L,ok,2,c1v1-measured-k8s26980-b04-L-ok-a2,c1v1-k8s26980-b04
252,A,4,3,k8s26980,4,L,ok,3,c1v1-measured-k8s26980-b04-L-ok-a3,c1v1-k8s26980-b04
253,A,4,4,etcd5509,1,R,bad,1,c1v1-measured-etcd5509-b04-R-bad-a1,c1v1-etcd5509-b04
254,A,4,4,etcd5509,1,R,bad,2,c1v1-measured-etcd5509-b04-R-bad-a2,c1v1-etcd5509-b04
255,A,4,4,etcd5509,1,R,bad,3,c1v1-measured-etcd5509-b04-R-bad-a3,c1v1-etcd5509-b04
256,A,4,4,etcd5509,2,L,bad,1,c1v1-measured-etcd5509-b04-L-bad-a1,c1v1-etcd5509-b04
257,A,4,4,etcd5509,2,L,bad,2,c1v1-measured-etcd5509-b04-L-bad-a2,c1v1-etcd5509-b04
258,A,4,4,etcd5509,2,L,bad,3,c1v1-measured-etcd5509-b04-L-bad-a3,c1v1-etcd5509-b04
259,A,4,4,etcd5509,3,L,ok,1,c1v1-measured-etcd5509-b04-L-ok-a1,c1v1-etcd5509-b04
260,A,4,4,etcd5509,3,L,ok,2,c1v1-measured-etcd5509-b04-L-ok-a2,c1v1-etcd5509-b04
261,A,4,4,etcd5509,3,L,ok,3,c1v1-measured-etcd5509-b04-L-ok-a3,c1v1-etcd5509-b04
262,A,4,4,etcd5509,4,R,ok,1,c1v1-measured-etcd5509-b04-R-ok-a1,c1v1-etcd5509-b04
263,A,4,4,etcd5509,4,R,ok,2,c1v1-measured-etcd5509-b04-R-ok-a2,c1v1-etcd5509-b04
264,A,4,4,etcd5509,4,R,ok,3,c1v1-measured-etcd5509-b04-R-ok-a3,c1v1-etcd5509-b04
265,A,4,5,grpc1859,1,R,bad,1,c1v1-measured-grpc1859-b04-R-bad-a1,c1v1-grpc1859-b04
266,A,4,5,grpc1859,1,R,bad,2,c1v1-measured-grpc1859-b04-R-bad-a2,c1v1-grpc1859-b04
267,A,4,5,grpc1859,1,R,bad,3,c1v1-measured-grpc1859-b04-R-bad-a3,c1v1-grpc1859-b04
268,A,4,5,grpc1859,2,L,bad,1,c1v1-measured-grpc1859-b04-L-bad-a1,c1v1-grpc1859-b04
269,A,4,5,grpc1859,2,L,bad,2,c1v1-measured-grpc1859-b04-L-bad-a2,c1v1-grpc1859-b04
270,A,4,5,grpc1859,2,L,bad,3,c1v1-measured-grpc1859-b04-L-bad-a3,c1v1-grpc1859-b04
271,A,4,5,grpc1859,3,L,ok,1,c1v1-measured-grpc1859-b04-L-ok-a1,c1v1-grpc1859-b04
272,A,4,5,grpc1859,3,L,ok,2,c1v1-measured-grpc1859-b04-L-ok-a2,c1v1-grpc1859-b04
273,A,4,5,grpc1859,3,L,ok,3,c1v1-measured-grpc1859-b04-L-ok-a3,c1v1-grpc1859-b04
274,A,4,5,grpc1859,4,R,ok,1,c1v1-measured-grpc1859-b04-R-ok-a1,c1v1-grpc1859-b04
275,A,4,5,grpc1859,4,R,ok,2,c1v1-measured-grpc1859-b04-R-ok-a2,c1v1-grpc1859-b04
276,A,4,5,grpc1859,4,R,ok,3,c1v1-measured-grpc1859-b04-R-ok-a3,c1v1-grpc1859-b04
277,A,4,6,istio17860,1,L,bad,1,c1v1-measured-istio17860-b04-L-bad-a1,c1v1-istio17860-b04
278,A,4,6,istio17860,1,L,bad,2,c1v1-measured-istio17860-b04-L-bad-a2,c1v1-istio17860-b04
279,A,4,6,istio17860,1,L,bad,3,c1v1-measured-istio17860-b04-L-bad-a3,c1v1-istio17860-b04
280,A,4,6,istio17860,2,R,bad,1,c1v1-measured-istio17860-b04-R-bad-a1,c1v1-istio17860-b04
281,A,4,6,istio17860,2,R,bad,2,c1v1-measured-istio17860-b04-R-bad-a2,c1v1-istio17860-b04
282,A,4,6,istio17860,2,R,bad,3,c1v1-measured-istio17860-b04-R-bad-a3,c1v1-istio17860-b04
283,A,4,6,istio17860,3,R,ok,1,c1v1-measured-istio17860-b04-R-ok-a1,c1v1-istio17860-b04
284,A,4,6,istio17860,3,R,ok,2,c1v1-measured-istio17860-b04-R-ok-a2,c1v1-istio17860-b04
285,A,4,6,istio17860,3,R,ok,3,c1v1-measured-istio17860-b04-R-ok-a3,c1v1-istio17860-b04
286,A,4,6,istio17860,4,L,ok,1,c1v1-measured-istio17860-b04-L-ok-a1,c1v1-istio17860-b04
287,A,4,6,istio17860,4,L,ok,2,c1v1-measured-istio17860-b04-L-ok-a2,c1v1-istio17860-b04
288,A,4,6,istio17860,4,L,ok,3,c1v1-measured-istio17860-b04-L-ok-a3,c1v1-istio17860-b04
289,A,5,1,istio17860,1,L,ok,1,c1v1-measured-istio17860-b05-L-ok-a1,c1v1-istio17860-b05
290,A,5,1,istio17860,1,L,ok,2,c1v1-measured-istio17860-b05-L-ok-a2,c1v1-istio17860-b05
291,A,5,1,istio17860,1,L,ok,3,c1v1-measured-istio17860-b05-L-ok-a3,c1v1-istio17860-b05
292,A,5,1,istio17860,2,R,bad,1,c1v1-measured-istio17860-b05-R-bad-a1,c1v1-istio17860-b05
293,A,5,1,istio17860,2,R,bad,2,c1v1-measured-istio17860-b05-R-bad-a2,c1v1-istio17860-b05
294,A,5,1,istio17860,2,R,bad,3,c1v1-measured-istio17860-b05-R-bad-a3,c1v1-istio17860-b05
295,A,5,1,istio17860,3,L,bad,1,c1v1-measured-istio17860-b05-L-bad-a1,c1v1-istio17860-b05
296,A,5,1,istio17860,3,L,bad,2,c1v1-measured-istio17860-b05-L-bad-a2,c1v1-istio17860-b05
297,A,5,1,istio17860,3,L,bad,3,c1v1-measured-istio17860-b05-L-bad-a3,c1v1-istio17860-b05
298,A,5,1,istio17860,4,R,ok,1,c1v1-measured-istio17860-b05-R-ok-a1,c1v1-istio17860-b05
299,A,5,1,istio17860,4,R,ok,2,c1v1-measured-istio17860-b05-R-ok-a2,c1v1-istio17860-b05
300,A,5,1,istio17860,4,R,ok,3,c1v1-measured-istio17860-b05-R-ok-a3,c1v1-istio17860-b05
301,A,5,2,etcd7492,1,L,bad,1,c1v1-measured-etcd7492-b05-L-bad-a1,c1v1-etcd7492-b05
302,A,5,2,etcd7492,1,L,bad,2,c1v1-measured-etcd7492-b05-L-bad-a2,c1v1-etcd7492-b05
303,A,5,2,etcd7492,1,L,bad,3,c1v1-measured-etcd7492-b05-L-bad-a3,c1v1-etcd7492-b05
304,A,5,2,etcd7492,2,R,ok,1,c1v1-measured-etcd7492-b05-R-ok-a1,c1v1-etcd7492-b05
305,A,5,2,etcd7492,2,R,ok,2,c1v1-measured-etcd7492-b05-R-ok-a2,c1v1-etcd7492-b05
306,A,5,2,etcd7492,2,R,ok,3,c1v1-measured-etcd7492-b05-R-ok-a3,c1v1-etcd7492-b05
307,A,5,2,etcd7492,3,L,ok,1,c1v1-measured-etcd7492-b05-L-ok-a1,c1v1-etcd7492-b05
308,A,5,2,etcd7492,3,L,ok,2,c1v1-measured-etcd7492-b05-L-ok-a2,c1v1-etcd7492-b05
309,A,5,2,etcd7492,3,L,ok,3,c1v1-measured-etcd7492-b05-L-ok-a3,c1v1-etcd7492-b05
310,A,5,2,etcd7492,4,R,bad,1,c1v1-measured-etcd7492-b05-R-bad-a1,c1v1-etcd7492-b05
311,A,5,2,etcd7492,4,R,bad,2,c1v1-measured-etcd7492-b05-R-bad-a2,c1v1-etcd7492-b05
312,A,5,2,etcd7492,4,R,bad,3,c1v1-measured-etcd7492-b05-R-bad-a3,c1v1-etcd7492-b05
313,A,5,3,grpc1859,1,L,bad,1,c1v1-measured-grpc1859-b05-L-bad-a1,c1v1-grpc1859-b05
314,A,5,3,grpc1859,1,L,bad,2,c1v1-measured-grpc1859-b05-L-bad-a2,c1v1-grpc1859-b05
315,A,5,3,grpc1859,1,L,bad,3,c1v1-measured-grpc1859-b05-L-bad-a3,c1v1-grpc1859-b05
316,A,5,3,grpc1859,2,R,bad,1,c1v1-measured-grpc1859-b05-R-bad-a1,c1v1-grpc1859-b05
317,A,5,3,grpc1859,2,R,bad,2,c1v1-measured-grpc1859-b05-R-bad-a2,c1v1-grpc1859-b05
318,A,5,3,grpc1859,2,R,bad,3,c1v1-measured-grpc1859-b05-R-bad-a3,c1v1-grpc1859-b05
319,A,5,3,grpc1859,3,R,ok,1,c1v1-measured-grpc1859-b05-R-ok-a1,c1v1-grpc1859-b05
320,A,5,3,grpc1859,3,R,ok,2,c1v1-measured-grpc1859-b05-R-ok-a2,c1v1-grpc1859-b05
321,A,5,3,grpc1859,3,R,ok,3,c1v1-measured-grpc1859-b05-R-ok-a3,c1v1-grpc1859-b05
322,A,5,3,grpc1859,4,L,ok,1,c1v1-measured-grpc1859-b05-L-ok-a1,c1v1-grpc1859-b05
323,A,5,3,grpc1859,4,L,ok,2,c1v1-measured-grpc1859-b05-L-ok-a2,c1v1-grpc1859-b05
324,A,5,3,grpc1859,4,L,ok,3,c1v1-measured-grpc1859-b05-L-ok-a3,c1v1-grpc1859-b05
325,A,5,4,k8s26980,1,L,bad,1,c1v1-measured-k8s26980-b05-L-bad-a1,c1v1-k8s26980-b05
326,A,5,4,k8s26980,1,L,bad,2,c1v1-measured-k8s26980-b05-L-bad-a2,c1v1-k8s26980-b05
327,A,5,4,k8s26980,1,L,bad,3,c1v1-measured-k8s26980-b05-L-bad-a3,c1v1-k8s26980-b05
328,A,5,4,k8s26980,2,L,ok,1,c1v1-measured-k8s26980-b05-L-ok-a1,c1v1-k8s26980-b05
329,A,5,4,k8s26980,2,L,ok,2,c1v1-measured-k8s26980-b05-L-ok-a2,c1v1-k8s26980-b05
330,A,5,4,k8s26980,2,L,ok,3,c1v1-measured-k8s26980-b05-L-ok-a3,c1v1-k8s26980-b05
331,A,5,4,k8s26980,3,R,bad,1,c1v1-measured-k8s26980-b05-R-bad-a1,c1v1-k8s26980-b05
332,A,5,4,k8s26980,3,R,bad,2,c1v1-measured-k8s26980-b05-R-bad-a2,c1v1-k8s26980-b05
333,A,5,4,k8s26980,3,R,bad,3,c1v1-measured-k8s26980-b05-R-bad-a3,c1v1-k8s26980-b05
334,A,5,4,k8s26980,4,R,ok,1,c1v1-measured-k8s26980-b05-R-ok-a1,c1v1-k8s26980-b05
335,A,5,4,k8s26980,4,R,ok,2,c1v1-measured-k8s26980-b05-R-ok-a2,c1v1-k8s26980-b05
336,A,5,4,k8s26980,4,R,ok,3,c1v1-measured-k8s26980-b05-R-ok-a3,c1v1-k8s26980-b05
337,A,5,5,etcd5509,1,L,ok,1,c1v1-measured-etcd5509-b05-L-ok-a1,c1v1-etcd5509-b05
338,A,5,5,etcd5509,1,L,ok,2,c1v1-measured-etcd5509-b05-L-ok-a2,c1v1-etcd5509-b05
339,A,5,5,etcd5509,1,L,ok,3,c1v1-measured-etcd5509-b05-L-ok-a3,c1v1-etcd5509-b05
340,A,5,5,etcd5509,2,R,ok,1,c1v1-measured-etcd5509-b05-R-ok-a1,c1v1-etcd5509-b05
341,A,5,5,etcd5509,2,R,ok,2,c1v1-measured-etcd5509-b05-R-ok-a2,c1v1-etcd5509-b05
342,A,5,5,etcd5509,2,R,ok,3,c1v1-measured-etcd5509-b05-R-ok-a3,c1v1-etcd5509-b05
343,A,5,5,etcd5509,3,L,bad,1,c1v1-measured-etcd5509-b05-L-bad-a1,c1v1-etcd5509-b05
344,A,5,5,etcd5509,3,L,bad,2,c1v1-measured-etcd5509-b05-L-bad-a2,c1v1-etcd5509-b05
345,A,5,5,etcd5509,3,L,bad,3,c1v1-measured-etcd5509-b05-L-bad-a3,c1v1-etcd5509-b05
346,A,5,5,etcd5509,4,R,bad,1,c1v1-measured-etcd5509-b05-R-bad-a1,c1v1-etcd5509-b05
347,A,5,5,etcd5509,4,R,bad,2,c1v1-measured-etcd5509-b05-R-bad-a2,c1v1-etcd5509-b05
348,A,5,5,etcd5509,4,R,bad,3,c1v1-measured-etcd5509-b05-R-bad-a3,c1v1-etcd5509-b05
349,A,5,6,grpc2391,1,R,bad,1,c1v1-measured-grpc2391-b05-R-bad-a1,c1v1-grpc2391-b05
350,A,5,6,grpc2391,1,R,bad,2,c1v1-measured-grpc2391-b05-R-bad-a2,c1v1-grpc2391-b05
351,A,5,6,grpc2391,1,R,bad,3,c1v1-measured-grpc2391-b05-R-bad-a3,c1v1-grpc2391-b05
352,A,5,6,grpc2391,2,L,bad,1,c1v1-measured-grpc2391-b05-L-bad-a1,c1v1-grpc2391-b05
353,A,5,6,grpc2391,2,L,bad,2,c1v1-measured-grpc2391-b05-L-bad-a2,c1v1-grpc2391-b05
354,A,5,6,grpc2391,2,L,bad,3,c1v1-measured-grpc2391-b05-L-bad-a3,c1v1-grpc2391-b05
355,A,5,6,grpc2391,3,R,ok,1,c1v1-measured-grpc2391-b05-R-ok-a1,c1v1-grpc2391-b05
356,A,5,6,grpc2391,3,R,ok,2,c1v1-measured-grpc2391-b05-R-ok-a2,c1v1-grpc2391-b05
357,A,5,6,grpc2391,3,R,ok,3,c1v1-measured-grpc2391-b05-R-ok-a3,c1v1-grpc2391-b05
358,A,5,6,grpc2391,4,L,ok,1,c1v1-measured-grpc2391-b05-L-ok-a1,c1v1-grpc2391-b05
359,A,5,6,grpc2391,4,L,ok,2,c1v1-measured-grpc2391-b05-L-ok-a2,c1v1-grpc2391-b05
360,A,5,6,grpc2391,4,L,ok,3,c1v1-measured-grpc2391-b05-L-ok-a3,c1v1-grpc2391-b05
361,B,6,1,grpc2391,1,R,ok,1,c1v1-measured-grpc2391-b06-R-ok-a1,c1v1-grpc2391-b06
362,B,6,1,grpc2391,1,R,ok,2,c1v1-measured-grpc2391-b06-R-ok-a2,c1v1-grpc2391-b06
363,B,6,1,grpc2391,1,R,ok,3,c1v1-measured-grpc2391-b06-R-ok-a3,c1v1-grpc2391-b06
364,B,6,1,grpc2391,2,L,ok,1,c1v1-measured-grpc2391-b06-L-ok-a1,c1v1-grpc2391-b06
365,B,6,1,grpc2391,2,L,ok,2,c1v1-measured-grpc2391-b06-L-ok-a2,c1v1-grpc2391-b06
366,B,6,1,grpc2391,2,L,ok,3,c1v1-measured-grpc2391-b06-L-ok-a3,c1v1-grpc2391-b06
367,B,6,1,grpc2391,3,R,bad,1,c1v1-measured-grpc2391-b06-R-bad-a1,c1v1-grpc2391-b06
368,B,6,1,grpc2391,3,R,bad,2,c1v1-measured-grpc2391-b06-R-bad-a2,c1v1-grpc2391-b06
369,B,6,1,grpc2391,3,R,bad,3,c1v1-measured-grpc2391-b06-R-bad-a3,c1v1-grpc2391-b06
370,B,6,1,grpc2391,4,L,bad,1,c1v1-measured-grpc2391-b06-L-bad-a1,c1v1-grpc2391-b06
371,B,6,1,grpc2391,4,L,bad,2,c1v1-measured-grpc2391-b06-L-bad-a2,c1v1-grpc2391-b06
372,B,6,1,grpc2391,4,L,bad,3,c1v1-measured-grpc2391-b06-L-bad-a3,c1v1-grpc2391-b06
373,B,6,2,istio17860,1,L,ok,1,c1v1-measured-istio17860-b06-L-ok-a1,c1v1-istio17860-b06
374,B,6,2,istio17860,1,L,ok,2,c1v1-measured-istio17860-b06-L-ok-a2,c1v1-istio17860-b06
375,B,6,2,istio17860,1,L,ok,3,c1v1-measured-istio17860-b06-L-ok-a3,c1v1-istio17860-b06
376,B,6,2,istio17860,2,L,bad,1,c1v1-measured-istio17860-b06-L-bad-a1,c1v1-istio17860-b06
377,B,6,2,istio17860,2,L,bad,2,c1v1-measured-istio17860-b06-L-bad-a2,c1v1-istio17860-b06
378,B,6,2,istio17860,2,L,bad,3,c1v1-measured-istio17860-b06-L-bad-a3,c1v1-istio17860-b06
379,B,6,2,istio17860,3,R,ok,1,c1v1-measured-istio17860-b06-R-ok-a1,c1v1-istio17860-b06
380,B,6,2,istio17860,3,R,ok,2,c1v1-measured-istio17860-b06-R-ok-a2,c1v1-istio17860-b06
381,B,6,2,istio17860,3,R,ok,3,c1v1-measured-istio17860-b06-R-ok-a3,c1v1-istio17860-b06
382,B,6,2,istio17860,4,R,bad,1,c1v1-measured-istio17860-b06-R-bad-a1,c1v1-istio17860-b06
383,B,6,2,istio17860,4,R,bad,2,c1v1-measured-istio17860-b06-R-bad-a2,c1v1-istio17860-b06
384,B,6,2,istio17860,4,R,bad,3,c1v1-measured-istio17860-b06-R-bad-a3,c1v1-istio17860-b06
385,B,6,3,k8s26980,1,R,bad,1,c1v1-measured-k8s26980-b06-R-bad-a1,c1v1-k8s26980-b06
386,B,6,3,k8s26980,1,R,bad,2,c1v1-measured-k8s26980-b06-R-bad-a2,c1v1-k8s26980-b06
387,B,6,3,k8s26980,1,R,bad,3,c1v1-measured-k8s26980-b06-R-bad-a3,c1v1-k8s26980-b06
388,B,6,3,k8s26980,2,R,ok,1,c1v1-measured-k8s26980-b06-R-ok-a1,c1v1-k8s26980-b06
389,B,6,3,k8s26980,2,R,ok,2,c1v1-measured-k8s26980-b06-R-ok-a2,c1v1-k8s26980-b06
390,B,6,3,k8s26980,2,R,ok,3,c1v1-measured-k8s26980-b06-R-ok-a3,c1v1-k8s26980-b06
391,B,6,3,k8s26980,3,L,ok,1,c1v1-measured-k8s26980-b06-L-ok-a1,c1v1-k8s26980-b06
392,B,6,3,k8s26980,3,L,ok,2,c1v1-measured-k8s26980-b06-L-ok-a2,c1v1-k8s26980-b06
393,B,6,3,k8s26980,3,L,ok,3,c1v1-measured-k8s26980-b06-L-ok-a3,c1v1-k8s26980-b06
394,B,6,3,k8s26980,4,L,bad,1,c1v1-measured-k8s26980-b06-L-bad-a1,c1v1-k8s26980-b06
395,B,6,3,k8s26980,4,L,bad,2,c1v1-measured-k8s26980-b06-L-bad-a2,c1v1-k8s26980-b06
396,B,6,3,k8s26980,4,L,bad,3,c1v1-measured-k8s26980-b06-L-bad-a3,c1v1-k8s26980-b06
397,B,6,4,etcd7492,1,R,ok,1,c1v1-measured-etcd7492-b06-R-ok-a1,c1v1-etcd7492-b06
398,B,6,4,etcd7492,1,R,ok,2,c1v1-measured-etcd7492-b06-R-ok-a2,c1v1-etcd7492-b06
399,B,6,4,etcd7492,1,R,ok,3,c1v1-measured-etcd7492-b06-R-ok-a3,c1v1-etcd7492-b06
400,B,6,4,etcd7492,2,L,bad,1,c1v1-measured-etcd7492-b06-L-bad-a1,c1v1-etcd7492-b06
401,B,6,4,etcd7492,2,L,bad,2,c1v1-measured-etcd7492-b06-L-bad-a2,c1v1-etcd7492-b06
402,B,6,4,etcd7492,2,L,bad,3,c1v1-measured-etcd7492-b06-L-bad-a3,c1v1-etcd7492-b06
403,B,6,4,etcd7492,3,R,bad,1,c1v1-measured-etcd7492-b06-R-bad-a1,c1v1-etcd7492-b06
404,B,6,4,etcd7492,3,R,bad,2,c1v1-measured-etcd7492-b06-R-bad-a2,c1v1-etcd7492-b06
405,B,6,4,etcd7492,3,R,bad,3,c1v1-measured-etcd7492-b06-R-bad-a3,c1v1-etcd7492-b06
406,B,6,4,etcd7492,4,L,ok,1,c1v1-measured-etcd7492-b06-L-ok-a1,c1v1-etcd7492-b06
407,B,6,4,etcd7492,4,L,ok,2,c1v1-measured-etcd7492-b06-L-ok-a2,c1v1-etcd7492-b06
408,B,6,4,etcd7492,4,L,ok,3,c1v1-measured-etcd7492-b06-L-ok-a3,c1v1-etcd7492-b06
409,B,6,5,grpc1859,1,R,bad,1,c1v1-measured-grpc1859-b06-R-bad-a1,c1v1-grpc1859-b06
410,B,6,5,grpc1859,1,R,bad,2,c1v1-measured-grpc1859-b06-R-bad-a2,c1v1-grpc1859-b06
411,B,6,5,grpc1859,1,R,bad,3,c1v1-measured-grpc1859-b06-R-bad-a3,c1v1-grpc1859-b06
412,B,6,5,grpc1859,2,R,ok,1,c1v1-measured-grpc1859-b06-R-ok-a1,c1v1-grpc1859-b06
413,B,6,5,grpc1859,2,R,ok,2,c1v1-measured-grpc1859-b06-R-ok-a2,c1v1-grpc1859-b06
414,B,6,5,grpc1859,2,R,ok,3,c1v1-measured-grpc1859-b06-R-ok-a3,c1v1-grpc1859-b06
415,B,6,5,grpc1859,3,L,ok,1,c1v1-measured-grpc1859-b06-L-ok-a1,c1v1-grpc1859-b06
416,B,6,5,grpc1859,3,L,ok,2,c1v1-measured-grpc1859-b06-L-ok-a2,c1v1-grpc1859-b06
417,B,6,5,grpc1859,3,L,ok,3,c1v1-measured-grpc1859-b06-L-ok-a3,c1v1-grpc1859-b06
418,B,6,5,grpc1859,4,L,bad,1,c1v1-measured-grpc1859-b06-L-bad-a1,c1v1-grpc1859-b06
419,B,6,5,grpc1859,4,L,bad,2,c1v1-measured-grpc1859-b06-L-bad-a2,c1v1-grpc1859-b06
420,B,6,5,grpc1859,4,L,bad,3,c1v1-measured-grpc1859-b06-L-bad-a3,c1v1-grpc1859-b06
421,B,6,6,etcd5509,1,R,bad,1,c1v1-measured-etcd5509-b06-R-bad-a1,c1v1-etcd5509-b06
422,B,6,6,etcd5509,1,R,bad,2,c1v1-measured-etcd5509-b06-R-bad-a2,c1v1-etcd5509-b06
423,B,6,6,etcd5509,1,R,bad,3,c1v1-measured-etcd5509-b06-R-bad-a3,c1v1-etcd5509-b06
424,B,6,6,etcd5509,2,L,bad,1,c1v1-measured-etcd5509-b06-L-bad-a1,c1v1-etcd5509-b06
425,B,6,6,etcd5509,2,L,bad,2,c1v1-measured-etcd5509-b06-L-bad-a2,c1v1-etcd5509-b06
426,B,6,6,etcd5509,2,L,bad,3,c1v1-measured-etcd5509-b06-L-bad-a3,c1v1-etcd5509-b06
427,B,6,6,etcd5509,3,L,ok,1,c1v1-measured-etcd5509-b06-L-ok-a1,c1v1-etcd5509-b06
428,B,6,6,etcd5509,3,L,ok,2,c1v1-measured-etcd5509-b06-L-ok-a2,c1v1-etcd5509-b06
429,B,6,6,etcd5509,3,L,ok,3,c1v1-measured-etcd5509-b06-L-ok-a3,c1v1-etcd5509-b06
430,B,6,6,etcd5509,4,R,ok,1,c1v1-measured-etcd5509-b06-R-ok-a1,c1v1-etcd5509-b06
431,B,6,6,etcd5509,4,R,ok,2,c1v1-measured-etcd5509-b06-R-ok-a2,c1v1-etcd5509-b06
432,B,6,6,etcd5509,4,R,ok,3,c1v1-measured-etcd5509-b06-R-ok-a3,c1v1-etcd5509-b06
433,B,7,1,etcd7492,1,L,bad,1,c1v1-measured-etcd7492-b07-L-bad-a1,c1v1-etcd7492-b07
434,B,7,1,etcd7492,1,L,bad,2,c1v1-measured-etcd7492-b07-L-bad-a2,c1v1-etcd7492-b07
435,B,7,1,etcd7492,1,L,bad,3,c1v1-measured-etcd7492-b07-L-bad-a3,c1v1-etcd7492-b07
436,B,7,1,etcd7492,2,R,bad,1,c1v1-measured-etcd7492-b07-R-bad-a1,c1v1-etcd7492-b07
437,B,7,1,etcd7492,2,R,bad,2,c1v1-measured-etcd7492-b07-R-bad-a2,c1v1-etcd7492-b07
438,B,7,1,etcd7492,2,R,bad,3,c1v1-measured-etcd7492-b07-R-bad-a3,c1v1-etcd7492-b07
439,B,7,1,etcd7492,3,L,ok,1,c1v1-measured-etcd7492-b07-L-ok-a1,c1v1-etcd7492-b07
440,B,7,1,etcd7492,3,L,ok,2,c1v1-measured-etcd7492-b07-L-ok-a2,c1v1-etcd7492-b07
441,B,7,1,etcd7492,3,L,ok,3,c1v1-measured-etcd7492-b07-L-ok-a3,c1v1-etcd7492-b07
442,B,7,1,etcd7492,4,R,ok,1,c1v1-measured-etcd7492-b07-R-ok-a1,c1v1-etcd7492-b07
443,B,7,1,etcd7492,4,R,ok,2,c1v1-measured-etcd7492-b07-R-ok-a2,c1v1-etcd7492-b07
444,B,7,1,etcd7492,4,R,ok,3,c1v1-measured-etcd7492-b07-R-ok-a3,c1v1-etcd7492-b07
445,B,7,2,istio17860,1,L,ok,1,c1v1-measured-istio17860-b07-L-ok-a1,c1v1-istio17860-b07
446,B,7,2,istio17860,1,L,ok,2,c1v1-measured-istio17860-b07-L-ok-a2,c1v1-istio17860-b07
447,B,7,2,istio17860,1,L,ok,3,c1v1-measured-istio17860-b07-L-ok-a3,c1v1-istio17860-b07
448,B,7,2,istio17860,2,R,ok,1,c1v1-measured-istio17860-b07-R-ok-a1,c1v1-istio17860-b07
449,B,7,2,istio17860,2,R,ok,2,c1v1-measured-istio17860-b07-R-ok-a2,c1v1-istio17860-b07
450,B,7,2,istio17860,2,R,ok,3,c1v1-measured-istio17860-b07-R-ok-a3,c1v1-istio17860-b07
451,B,7,2,istio17860,3,R,bad,1,c1v1-measured-istio17860-b07-R-bad-a1,c1v1-istio17860-b07
452,B,7,2,istio17860,3,R,bad,2,c1v1-measured-istio17860-b07-R-bad-a2,c1v1-istio17860-b07
453,B,7,2,istio17860,3,R,bad,3,c1v1-measured-istio17860-b07-R-bad-a3,c1v1-istio17860-b07
454,B,7,2,istio17860,4,L,bad,1,c1v1-measured-istio17860-b07-L-bad-a1,c1v1-istio17860-b07
455,B,7,2,istio17860,4,L,bad,2,c1v1-measured-istio17860-b07-L-bad-a2,c1v1-istio17860-b07
456,B,7,2,istio17860,4,L,bad,3,c1v1-measured-istio17860-b07-L-bad-a3,c1v1-istio17860-b07
457,B,7,3,grpc1859,1,R,ok,1,c1v1-measured-grpc1859-b07-R-ok-a1,c1v1-grpc1859-b07
458,B,7,3,grpc1859,1,R,ok,2,c1v1-measured-grpc1859-b07-R-ok-a2,c1v1-grpc1859-b07
459,B,7,3,grpc1859,1,R,ok,3,c1v1-measured-grpc1859-b07-R-ok-a3,c1v1-grpc1859-b07
460,B,7,3,grpc1859,2,R,bad,1,c1v1-measured-grpc1859-b07-R-bad-a1,c1v1-grpc1859-b07
461,B,7,3,grpc1859,2,R,bad,2,c1v1-measured-grpc1859-b07-R-bad-a2,c1v1-grpc1859-b07
462,B,7,3,grpc1859,2,R,bad,3,c1v1-measured-grpc1859-b07-R-bad-a3,c1v1-grpc1859-b07
463,B,7,3,grpc1859,3,L,bad,1,c1v1-measured-grpc1859-b07-L-bad-a1,c1v1-grpc1859-b07
464,B,7,3,grpc1859,3,L,bad,2,c1v1-measured-grpc1859-b07-L-bad-a2,c1v1-grpc1859-b07
465,B,7,3,grpc1859,3,L,bad,3,c1v1-measured-grpc1859-b07-L-bad-a3,c1v1-grpc1859-b07
466,B,7,3,grpc1859,4,L,ok,1,c1v1-measured-grpc1859-b07-L-ok-a1,c1v1-grpc1859-b07
467,B,7,3,grpc1859,4,L,ok,2,c1v1-measured-grpc1859-b07-L-ok-a2,c1v1-grpc1859-b07
468,B,7,3,grpc1859,4,L,ok,3,c1v1-measured-grpc1859-b07-L-ok-a3,c1v1-grpc1859-b07
469,B,7,4,grpc2391,1,R,ok,1,c1v1-measured-grpc2391-b07-R-ok-a1,c1v1-grpc2391-b07
470,B,7,4,grpc2391,1,R,ok,2,c1v1-measured-grpc2391-b07-R-ok-a2,c1v1-grpc2391-b07
471,B,7,4,grpc2391,1,R,ok,3,c1v1-measured-grpc2391-b07-R-ok-a3,c1v1-grpc2391-b07
472,B,7,4,grpc2391,2,L,bad,1,c1v1-measured-grpc2391-b07-L-bad-a1,c1v1-grpc2391-b07
473,B,7,4,grpc2391,2,L,bad,2,c1v1-measured-grpc2391-b07-L-bad-a2,c1v1-grpc2391-b07
474,B,7,4,grpc2391,2,L,bad,3,c1v1-measured-grpc2391-b07-L-bad-a3,c1v1-grpc2391-b07
475,B,7,4,grpc2391,3,R,bad,1,c1v1-measured-grpc2391-b07-R-bad-a1,c1v1-grpc2391-b07
476,B,7,4,grpc2391,3,R,bad,2,c1v1-measured-grpc2391-b07-R-bad-a2,c1v1-grpc2391-b07
477,B,7,4,grpc2391,3,R,bad,3,c1v1-measured-grpc2391-b07-R-bad-a3,c1v1-grpc2391-b07
478,B,7,4,grpc2391,4,L,ok,1,c1v1-measured-grpc2391-b07-L-ok-a1,c1v1-grpc2391-b07
479,B,7,4,grpc2391,4,L,ok,2,c1v1-measured-grpc2391-b07-L-ok-a2,c1v1-grpc2391-b07
480,B,7,4,grpc2391,4,L,ok,3,c1v1-measured-grpc2391-b07-L-ok-a3,c1v1-grpc2391-b07
481,B,7,5,k8s26980,1,L,ok,1,c1v1-measured-k8s26980-b07-L-ok-a1,c1v1-k8s26980-b07
482,B,7,5,k8s26980,1,L,ok,2,c1v1-measured-k8s26980-b07-L-ok-a2,c1v1-k8s26980-b07
483,B,7,5,k8s26980,1,L,ok,3,c1v1-measured-k8s26980-b07-L-ok-a3,c1v1-k8s26980-b07
484,B,7,5,k8s26980,2,L,bad,1,c1v1-measured-k8s26980-b07-L-bad-a1,c1v1-k8s26980-b07
485,B,7,5,k8s26980,2,L,bad,2,c1v1-measured-k8s26980-b07-L-bad-a2,c1v1-k8s26980-b07
486,B,7,5,k8s26980,2,L,bad,3,c1v1-measured-k8s26980-b07-L-bad-a3,c1v1-k8s26980-b07
487,B,7,5,k8s26980,3,R,bad,1,c1v1-measured-k8s26980-b07-R-bad-a1,c1v1-k8s26980-b07
488,B,7,5,k8s26980,3,R,bad,2,c1v1-measured-k8s26980-b07-R-bad-a2,c1v1-k8s26980-b07
489,B,7,5,k8s26980,3,R,bad,3,c1v1-measured-k8s26980-b07-R-bad-a3,c1v1-k8s26980-b07
490,B,7,5,k8s26980,4,R,ok,1,c1v1-measured-k8s26980-b07-R-ok-a1,c1v1-k8s26980-b07
491,B,7,5,k8s26980,4,R,ok,2,c1v1-measured-k8s26980-b07-R-ok-a2,c1v1-k8s26980-b07
492,B,7,5,k8s26980,4,R,ok,3,c1v1-measured-k8s26980-b07-R-ok-a3,c1v1-k8s26980-b07
493,B,7,6,etcd5509,1,R,ok,1,c1v1-measured-etcd5509-b07-R-ok-a1,c1v1-etcd5509-b07
494,B,7,6,etcd5509,1,R,ok,2,c1v1-measured-etcd5509-b07-R-ok-a2,c1v1-etcd5509-b07
495,B,7,6,etcd5509,1,R,ok,3,c1v1-measured-etcd5509-b07-R-ok-a3,c1v1-etcd5509-b07
496,B,7,6,etcd5509,2,L,ok,1,c1v1-measured-etcd5509-b07-L-ok-a1,c1v1-etcd5509-b07
497,B,7,6,etcd5509,2,L,ok,2,c1v1-measured-etcd5509-b07-L-ok-a2,c1v1-etcd5509-b07
498,B,7,6,etcd5509,2,L,ok,3,c1v1-measured-etcd5509-b07-L-ok-a3,c1v1-etcd5509-b07
499,B,7,6,etcd5509,3,L,bad,1,c1v1-measured-etcd5509-b07-L-bad-a1,c1v1-etcd5509-b07
500,B,7,6,etcd5509,3,L,bad,2,c1v1-measured-etcd5509-b07-L-bad-a2,c1v1-etcd5509-b07
501,B,7,6,etcd5509,3,L,bad,3,c1v1-measured-etcd5509-b07-L-bad-a3,c1v1-etcd5509-b07
502,B,7,6,etcd5509,4,R,bad,1,c1v1-measured-etcd5509-b07-R-bad-a1,c1v1-etcd5509-b07
503,B,7,6,etcd5509,4,R,bad,2,c1v1-measured-etcd5509-b07-R-bad-a2,c1v1-etcd5509-b07
504,B,7,6,etcd5509,4,R,bad,3,c1v1-measured-etcd5509-b07-R-bad-a3,c1v1-etcd5509-b07
505,B,8,1,grpc2391,1,R,ok,1,c1v1-measured-grpc2391-b08-R-ok-a1,c1v1-grpc2391-b08
506,B,8,1,grpc2391,1,R,ok,2,c1v1-measured-grpc2391-b08-R-ok-a2,c1v1-grpc2391-b08
507,B,8,1,grpc2391,1,R,ok,3,c1v1-measured-grpc2391-b08-R-ok-a3,c1v1-grpc2391-b08
508,B,8,1,grpc2391,2,R,bad,1,c1v1-measured-grpc2391-b08-R-bad-a1,c1v1-grpc2391-b08
509,B,8,1,grpc2391,2,R,bad,2,c1v1-measured-grpc2391-b08-R-bad-a2,c1v1-grpc2391-b08
510,B,8,1,grpc2391,2,R,bad,3,c1v1-measured-grpc2391-b08-R-bad-a3,c1v1-grpc2391-b08
511,B,8,1,grpc2391,3,L,ok,1,c1v1-measured-grpc2391-b08-L-ok-a1,c1v1-grpc2391-b08
512,B,8,1,grpc2391,3,L,ok,2,c1v1-measured-grpc2391-b08-L-ok-a2,c1v1-grpc2391-b08
513,B,8,1,grpc2391,3,L,ok,3,c1v1-measured-grpc2391-b08-L-ok-a3,c1v1-grpc2391-b08
514,B,8,1,grpc2391,4,L,bad,1,c1v1-measured-grpc2391-b08-L-bad-a1,c1v1-grpc2391-b08
515,B,8,1,grpc2391,4,L,bad,2,c1v1-measured-grpc2391-b08-L-bad-a2,c1v1-grpc2391-b08
516,B,8,1,grpc2391,4,L,bad,3,c1v1-measured-grpc2391-b08-L-bad-a3,c1v1-grpc2391-b08
517,B,8,2,k8s26980,1,L,bad,1,c1v1-measured-k8s26980-b08-L-bad-a1,c1v1-k8s26980-b08
518,B,8,2,k8s26980,1,L,bad,2,c1v1-measured-k8s26980-b08-L-bad-a2,c1v1-k8s26980-b08
519,B,8,2,k8s26980,1,L,bad,3,c1v1-measured-k8s26980-b08-L-bad-a3,c1v1-k8s26980-b08
520,B,8,2,k8s26980,2,R,ok,1,c1v1-measured-k8s26980-b08-R-ok-a1,c1v1-k8s26980-b08
521,B,8,2,k8s26980,2,R,ok,2,c1v1-measured-k8s26980-b08-R-ok-a2,c1v1-k8s26980-b08
522,B,8,2,k8s26980,2,R,ok,3,c1v1-measured-k8s26980-b08-R-ok-a3,c1v1-k8s26980-b08
523,B,8,2,k8s26980,3,L,ok,1,c1v1-measured-k8s26980-b08-L-ok-a1,c1v1-k8s26980-b08
524,B,8,2,k8s26980,3,L,ok,2,c1v1-measured-k8s26980-b08-L-ok-a2,c1v1-k8s26980-b08
525,B,8,2,k8s26980,3,L,ok,3,c1v1-measured-k8s26980-b08-L-ok-a3,c1v1-k8s26980-b08
526,B,8,2,k8s26980,4,R,bad,1,c1v1-measured-k8s26980-b08-R-bad-a1,c1v1-k8s26980-b08
527,B,8,2,k8s26980,4,R,bad,2,c1v1-measured-k8s26980-b08-R-bad-a2,c1v1-k8s26980-b08
528,B,8,2,k8s26980,4,R,bad,3,c1v1-measured-k8s26980-b08-R-bad-a3,c1v1-k8s26980-b08
529,B,8,3,etcd7492,1,L,ok,1,c1v1-measured-etcd7492-b08-L-ok-a1,c1v1-etcd7492-b08
530,B,8,3,etcd7492,1,L,ok,2,c1v1-measured-etcd7492-b08-L-ok-a2,c1v1-etcd7492-b08
531,B,8,3,etcd7492,1,L,ok,3,c1v1-measured-etcd7492-b08-L-ok-a3,c1v1-etcd7492-b08
532,B,8,3,etcd7492,2,R,ok,1,c1v1-measured-etcd7492-b08-R-ok-a1,c1v1-etcd7492-b08
533,B,8,3,etcd7492,2,R,ok,2,c1v1-measured-etcd7492-b08-R-ok-a2,c1v1-etcd7492-b08
534,B,8,3,etcd7492,2,R,ok,3,c1v1-measured-etcd7492-b08-R-ok-a3,c1v1-etcd7492-b08
535,B,8,3,etcd7492,3,L,bad,1,c1v1-measured-etcd7492-b08-L-bad-a1,c1v1-etcd7492-b08
536,B,8,3,etcd7492,3,L,bad,2,c1v1-measured-etcd7492-b08-L-bad-a2,c1v1-etcd7492-b08
537,B,8,3,etcd7492,3,L,bad,3,c1v1-measured-etcd7492-b08-L-bad-a3,c1v1-etcd7492-b08
538,B,8,3,etcd7492,4,R,bad,1,c1v1-measured-etcd7492-b08-R-bad-a1,c1v1-etcd7492-b08
539,B,8,3,etcd7492,4,R,bad,2,c1v1-measured-etcd7492-b08-R-bad-a2,c1v1-etcd7492-b08
540,B,8,3,etcd7492,4,R,bad,3,c1v1-measured-etcd7492-b08-R-bad-a3,c1v1-etcd7492-b08
541,B,8,4,grpc1859,1,L,bad,1,c1v1-measured-grpc1859-b08-L-bad-a1,c1v1-grpc1859-b08
542,B,8,4,grpc1859,1,L,bad,2,c1v1-measured-grpc1859-b08-L-bad-a2,c1v1-grpc1859-b08
543,B,8,4,grpc1859,1,L,bad,3,c1v1-measured-grpc1859-b08-L-bad-a3,c1v1-grpc1859-b08
544,B,8,4,grpc1859,2,R,ok,1,c1v1-measured-grpc1859-b08-R-ok-a1,c1v1-grpc1859-b08
545,B,8,4,grpc1859,2,R,ok,2,c1v1-measured-grpc1859-b08-R-ok-a2,c1v1-grpc1859-b08
546,B,8,4,grpc1859,2,R,ok,3,c1v1-measured-grpc1859-b08-R-ok-a3,c1v1-grpc1859-b08
547,B,8,4,grpc1859,3,R,bad,1,c1v1-measured-grpc1859-b08-R-bad-a1,c1v1-grpc1859-b08
548,B,8,4,grpc1859,3,R,bad,2,c1v1-measured-grpc1859-b08-R-bad-a2,c1v1-grpc1859-b08
549,B,8,4,grpc1859,3,R,bad,3,c1v1-measured-grpc1859-b08-R-bad-a3,c1v1-grpc1859-b08
550,B,8,4,grpc1859,4,L,ok,1,c1v1-measured-grpc1859-b08-L-ok-a1,c1v1-grpc1859-b08
551,B,8,4,grpc1859,4,L,ok,2,c1v1-measured-grpc1859-b08-L-ok-a2,c1v1-grpc1859-b08
552,B,8,4,grpc1859,4,L,ok,3,c1v1-measured-grpc1859-b08-L-ok-a3,c1v1-grpc1859-b08
553,B,8,5,etcd5509,1,R,bad,1,c1v1-measured-etcd5509-b08-R-bad-a1,c1v1-etcd5509-b08
554,B,8,5,etcd5509,1,R,bad,2,c1v1-measured-etcd5509-b08-R-bad-a2,c1v1-etcd5509-b08
555,B,8,5,etcd5509,1,R,bad,3,c1v1-measured-etcd5509-b08-R-bad-a3,c1v1-etcd5509-b08
556,B,8,5,etcd5509,2,L,bad,1,c1v1-measured-etcd5509-b08-L-bad-a1,c1v1-etcd5509-b08
557,B,8,5,etcd5509,2,L,bad,2,c1v1-measured-etcd5509-b08-L-bad-a2,c1v1-etcd5509-b08
558,B,8,5,etcd5509,2,L,bad,3,c1v1-measured-etcd5509-b08-L-bad-a3,c1v1-etcd5509-b08
559,B,8,5,etcd5509,3,L,ok,1,c1v1-measured-etcd5509-b08-L-ok-a1,c1v1-etcd5509-b08
560,B,8,5,etcd5509,3,L,ok,2,c1v1-measured-etcd5509-b08-L-ok-a2,c1v1-etcd5509-b08
561,B,8,5,etcd5509,3,L,ok,3,c1v1-measured-etcd5509-b08-L-ok-a3,c1v1-etcd5509-b08
562,B,8,5,etcd5509,4,R,ok,1,c1v1-measured-etcd5509-b08-R-ok-a1,c1v1-etcd5509-b08
563,B,8,5,etcd5509,4,R,ok,2,c1v1-measured-etcd5509-b08-R-ok-a2,c1v1-etcd5509-b08
564,B,8,5,etcd5509,4,R,ok,3,c1v1-measured-etcd5509-b08-R-ok-a3,c1v1-etcd5509-b08
565,B,8,6,istio17860,1,L,ok,1,c1v1-measured-istio17860-b08-L-ok-a1,c1v1-istio17860-b08
566,B,8,6,istio17860,1,L,ok,2,c1v1-measured-istio17860-b08-L-ok-a2,c1v1-istio17860-b08
567,B,8,6,istio17860,1,L,ok,3,c1v1-measured-istio17860-b08-L-ok-a3,c1v1-istio17860-b08
568,B,8,6,istio17860,2,L,bad,1,c1v1-measured-istio17860-b08-L-bad-a1,c1v1-istio17860-b08
569,B,8,6,istio17860,2,L,bad,2,c1v1-measured-istio17860-b08-L-bad-a2,c1v1-istio17860-b08
570,B,8,6,istio17860,2,L,bad,3,c1v1-measured-istio17860-b08-L-bad-a3,c1v1-istio17860-b08
571,B,8,6,istio17860,3,R,ok,1,c1v1-measured-istio17860-b08-R-ok-a1,c1v1-istio17860-b08
572,B,8,6,istio17860,3,R,ok,2,c1v1-measured-istio17860-b08-R-ok-a2,c1v1-istio17860-b08
573,B,8,6,istio17860,3,R,ok,3,c1v1-measured-istio17860-b08-R-ok-a3,c1v1-istio17860-b08
574,B,8,6,istio17860,4,R,bad,1,c1v1-measured-istio17860-b08-R-bad-a1,c1v1-istio17860-b08
575,B,8,6,istio17860,4,R,bad,2,c1v1-measured-istio17860-b08-R-bad-a2,c1v1-istio17860-b08
576,B,8,6,istio17860,4,R,bad,3,c1v1-measured-istio17860-b08-R-bad-a3,c1v1-istio17860-b08
577,B,9,1,k8s26980,1,L,bad,1,c1v1-measured-k8s26980-b09-L-bad-a1,c1v1-k8s26980-b09
578,B,9,1,k8s26980,1,L,bad,2,c1v1-measured-k8s26980-b09-L-bad-a2,c1v1-k8s26980-b09
579,B,9,1,k8s26980,1,L,bad,3,c1v1-measured-k8s26980-b09-L-bad-a3,c1v1-k8s26980-b09
580,B,9,1,k8s26980,2,L,ok,1,c1v1-measured-k8s26980-b09-L-ok-a1,c1v1-k8s26980-b09
581,B,9,1,k8s26980,2,L,ok,2,c1v1-measured-k8s26980-b09-L-ok-a2,c1v1-k8s26980-b09
582,B,9,1,k8s26980,2,L,ok,3,c1v1-measured-k8s26980-b09-L-ok-a3,c1v1-k8s26980-b09
583,B,9,1,k8s26980,3,R,ok,1,c1v1-measured-k8s26980-b09-R-ok-a1,c1v1-k8s26980-b09
584,B,9,1,k8s26980,3,R,ok,2,c1v1-measured-k8s26980-b09-R-ok-a2,c1v1-k8s26980-b09
585,B,9,1,k8s26980,3,R,ok,3,c1v1-measured-k8s26980-b09-R-ok-a3,c1v1-k8s26980-b09
586,B,9,1,k8s26980,4,R,bad,1,c1v1-measured-k8s26980-b09-R-bad-a1,c1v1-k8s26980-b09
587,B,9,1,k8s26980,4,R,bad,2,c1v1-measured-k8s26980-b09-R-bad-a2,c1v1-k8s26980-b09
588,B,9,1,k8s26980,4,R,bad,3,c1v1-measured-k8s26980-b09-R-bad-a3,c1v1-k8s26980-b09
589,B,9,2,grpc2391,1,R,bad,1,c1v1-measured-grpc2391-b09-R-bad-a1,c1v1-grpc2391-b09
590,B,9,2,grpc2391,1,R,bad,2,c1v1-measured-grpc2391-b09-R-bad-a2,c1v1-grpc2391-b09
591,B,9,2,grpc2391,1,R,bad,3,c1v1-measured-grpc2391-b09-R-bad-a3,c1v1-grpc2391-b09
592,B,9,2,grpc2391,2,L,ok,1,c1v1-measured-grpc2391-b09-L-ok-a1,c1v1-grpc2391-b09
593,B,9,2,grpc2391,2,L,ok,2,c1v1-measured-grpc2391-b09-L-ok-a2,c1v1-grpc2391-b09
594,B,9,2,grpc2391,2,L,ok,3,c1v1-measured-grpc2391-b09-L-ok-a3,c1v1-grpc2391-b09
595,B,9,2,grpc2391,3,R,ok,1,c1v1-measured-grpc2391-b09-R-ok-a1,c1v1-grpc2391-b09
596,B,9,2,grpc2391,3,R,ok,2,c1v1-measured-grpc2391-b09-R-ok-a2,c1v1-grpc2391-b09
597,B,9,2,grpc2391,3,R,ok,3,c1v1-measured-grpc2391-b09-R-ok-a3,c1v1-grpc2391-b09
598,B,9,2,grpc2391,4,L,bad,1,c1v1-measured-grpc2391-b09-L-bad-a1,c1v1-grpc2391-b09
599,B,9,2,grpc2391,4,L,bad,2,c1v1-measured-grpc2391-b09-L-bad-a2,c1v1-grpc2391-b09
600,B,9,2,grpc2391,4,L,bad,3,c1v1-measured-grpc2391-b09-L-bad-a3,c1v1-grpc2391-b09
601,B,9,3,etcd5509,1,L,bad,1,c1v1-measured-etcd5509-b09-L-bad-a1,c1v1-etcd5509-b09
602,B,9,3,etcd5509,1,L,bad,2,c1v1-measured-etcd5509-b09-L-bad-a2,c1v1-etcd5509-b09
603,B,9,3,etcd5509,1,L,bad,3,c1v1-measured-etcd5509-b09-L-bad-a3,c1v1-etcd5509-b09
604,B,9,3,etcd5509,2,L,ok,1,c1v1-measured-etcd5509-b09-L-ok-a1,c1v1-etcd5509-b09
605,B,9,3,etcd5509,2,L,ok,2,c1v1-measured-etcd5509-b09-L-ok-a2,c1v1-etcd5509-b09
606,B,9,3,etcd5509,2,L,ok,3,c1v1-measured-etcd5509-b09-L-ok-a3,c1v1-etcd5509-b09
607,B,9,3,etcd5509,3,R,bad,1,c1v1-measured-etcd5509-b09-R-bad-a1,c1v1-etcd5509-b09
608,B,9,3,etcd5509,3,R,bad,2,c1v1-measured-etcd5509-b09-R-bad-a2,c1v1-etcd5509-b09
609,B,9,3,etcd5509,3,R,bad,3,c1v1-measured-etcd5509-b09-R-bad-a3,c1v1-etcd5509-b09
610,B,9,3,etcd5509,4,R,ok,1,c1v1-measured-etcd5509-b09-R-ok-a1,c1v1-etcd5509-b09
611,B,9,3,etcd5509,4,R,ok,2,c1v1-measured-etcd5509-b09-R-ok-a2,c1v1-etcd5509-b09
612,B,9,3,etcd5509,4,R,ok,3,c1v1-measured-etcd5509-b09-R-ok-a3,c1v1-etcd5509-b09
613,B,9,4,grpc1859,1,L,bad,1,c1v1-measured-grpc1859-b09-L-bad-a1,c1v1-grpc1859-b09
614,B,9,4,grpc1859,1,L,bad,2,c1v1-measured-grpc1859-b09-L-bad-a2,c1v1-grpc1859-b09
615,B,9,4,grpc1859,1,L,bad,3,c1v1-measured-grpc1859-b09-L-bad-a3,c1v1-grpc1859-b09
616,B,9,4,grpc1859,2,R,bad,1,c1v1-measured-grpc1859-b09-R-bad-a1,c1v1-grpc1859-b09
617,B,9,4,grpc1859,2,R,bad,2,c1v1-measured-grpc1859-b09-R-bad-a2,c1v1-grpc1859-b09
618,B,9,4,grpc1859,2,R,bad,3,c1v1-measured-grpc1859-b09-R-bad-a3,c1v1-grpc1859-b09
619,B,9,4,grpc1859,3,L,ok,1,c1v1-measured-grpc1859-b09-L-ok-a1,c1v1-grpc1859-b09
620,B,9,4,grpc1859,3,L,ok,2,c1v1-measured-grpc1859-b09-L-ok-a2,c1v1-grpc1859-b09
621,B,9,4,grpc1859,3,L,ok,3,c1v1-measured-grpc1859-b09-L-ok-a3,c1v1-grpc1859-b09
622,B,9,4,grpc1859,4,R,ok,1,c1v1-measured-grpc1859-b09-R-ok-a1,c1v1-grpc1859-b09
623,B,9,4,grpc1859,4,R,ok,2,c1v1-measured-grpc1859-b09-R-ok-a2,c1v1-grpc1859-b09
624,B,9,4,grpc1859,4,R,ok,3,c1v1-measured-grpc1859-b09-R-ok-a3,c1v1-grpc1859-b09
625,B,9,5,istio17860,1,R,ok,1,c1v1-measured-istio17860-b09-R-ok-a1,c1v1-istio17860-b09
626,B,9,5,istio17860,1,R,ok,2,c1v1-measured-istio17860-b09-R-ok-a2,c1v1-istio17860-b09
627,B,9,5,istio17860,1,R,ok,3,c1v1-measured-istio17860-b09-R-ok-a3,c1v1-istio17860-b09
628,B,9,5,istio17860,2,L,ok,1,c1v1-measured-istio17860-b09-L-ok-a1,c1v1-istio17860-b09
629,B,9,5,istio17860,2,L,ok,2,c1v1-measured-istio17860-b09-L-ok-a2,c1v1-istio17860-b09
630,B,9,5,istio17860,2,L,ok,3,c1v1-measured-istio17860-b09-L-ok-a3,c1v1-istio17860-b09
631,B,9,5,istio17860,3,L,bad,1,c1v1-measured-istio17860-b09-L-bad-a1,c1v1-istio17860-b09
632,B,9,5,istio17860,3,L,bad,2,c1v1-measured-istio17860-b09-L-bad-a2,c1v1-istio17860-b09
633,B,9,5,istio17860,3,L,bad,3,c1v1-measured-istio17860-b09-L-bad-a3,c1v1-istio17860-b09
634,B,9,5,istio17860,4,R,bad,1,c1v1-measured-istio17860-b09-R-bad-a1,c1v1-istio17860-b09
635,B,9,5,istio17860,4,R,bad,2,c1v1-measured-istio17860-b09-R-bad-a2,c1v1-istio17860-b09
636,B,9,5,istio17860,4,R,bad,3,c1v1-measured-istio17860-b09-R-bad-a3,c1v1-istio17860-b09
637,B,9,6,etcd7492,1,R,bad,1,c1v1-measured-etcd7492-b09-R-bad-a1,c1v1-etcd7492-b09
638,B,9,6,etcd7492,1,R,bad,2,c1v1-measured-etcd7492-b09-R-bad-a2,c1v1-etcd7492-b09
639,B,9,6,etcd7492,1,R,bad,3,c1v1-measured-etcd7492-b09-R-bad-a3,c1v1-etcd7492-b09
640,B,9,6,etcd7492,2,L,ok,1,c1v1-measured-etcd7492-b09-L-ok-a1,c1v1-etcd7492-b09
641,B,9,6,etcd7492,2,L,ok,2,c1v1-measured-etcd7492-b09-L-ok-a2,c1v1-etcd7492-b09
642,B,9,6,etcd7492,2,L,ok,3,c1v1-measured-etcd7492-b09-L-ok-a3,c1v1-etcd7492-b09
643,B,9,6,etcd7492,3,L,bad,1,c1v1-measured-etcd7492-b09-L-bad-a1,c1v1-etcd7492-b09
644,B,9,6,etcd7492,3,L,bad,2,c1v1-measured-etcd7492-b09-L-bad-a2,c1v1-etcd7492-b09
645,B,9,6,etcd7492,3,L,bad,3,c1v1-measured-etcd7492-b09-L-bad-a3,c1v1-etcd7492-b09
646,B,9,6,etcd7492,4,R,ok,1,c1v1-measured-etcd7492-b09-R-ok-a1,c1v1-etcd7492-b09
647,B,9,6,etcd7492,4,R,ok,2,c1v1-measured-etcd7492-b09-R-ok-a2,c1v1-etcd7492-b09
648,B,9,6,etcd7492,4,R,ok,3,c1v1-measured-etcd7492-b09-R-ok-a3,c1v1-etcd7492-b09
649,B,10,1,grpc2391,1,R,ok,1,c1v1-measured-grpc2391-b10-R-ok-a1,c1v1-grpc2391-b10
650,B,10,1,grpc2391,1,R,ok,2,c1v1-measured-grpc2391-b10-R-ok-a2,c1v1-grpc2391-b10
651,B,10,1,grpc2391,1,R,ok,3,c1v1-measured-grpc2391-b10-R-ok-a3,c1v1-grpc2391-b10
652,B,10,1,grpc2391,2,L,ok,1,c1v1-measured-grpc2391-b10-L-ok-a1,c1v1-grpc2391-b10
653,B,10,1,grpc2391,2,L,ok,2,c1v1-measured-grpc2391-b10-L-ok-a2,c1v1-grpc2391-b10
654,B,10,1,grpc2391,2,L,ok,3,c1v1-measured-grpc2391-b10-L-ok-a3,c1v1-grpc2391-b10
655,B,10,1,grpc2391,3,R,bad,1,c1v1-measured-grpc2391-b10-R-bad-a1,c1v1-grpc2391-b10
656,B,10,1,grpc2391,3,R,bad,2,c1v1-measured-grpc2391-b10-R-bad-a2,c1v1-grpc2391-b10
657,B,10,1,grpc2391,3,R,bad,3,c1v1-measured-grpc2391-b10-R-bad-a3,c1v1-grpc2391-b10
658,B,10,1,grpc2391,4,L,bad,1,c1v1-measured-grpc2391-b10-L-bad-a1,c1v1-grpc2391-b10
659,B,10,1,grpc2391,4,L,bad,2,c1v1-measured-grpc2391-b10-L-bad-a2,c1v1-grpc2391-b10
660,B,10,1,grpc2391,4,L,bad,3,c1v1-measured-grpc2391-b10-L-bad-a3,c1v1-grpc2391-b10
661,B,10,2,grpc1859,1,R,bad,1,c1v1-measured-grpc1859-b10-R-bad-a1,c1v1-grpc1859-b10
662,B,10,2,grpc1859,1,R,bad,2,c1v1-measured-grpc1859-b10-R-bad-a2,c1v1-grpc1859-b10
663,B,10,2,grpc1859,1,R,bad,3,c1v1-measured-grpc1859-b10-R-bad-a3,c1v1-grpc1859-b10
664,B,10,2,grpc1859,2,L,ok,1,c1v1-measured-grpc1859-b10-L-ok-a1,c1v1-grpc1859-b10
665,B,10,2,grpc1859,2,L,ok,2,c1v1-measured-grpc1859-b10-L-ok-a2,c1v1-grpc1859-b10
666,B,10,2,grpc1859,2,L,ok,3,c1v1-measured-grpc1859-b10-L-ok-a3,c1v1-grpc1859-b10
667,B,10,2,grpc1859,3,L,bad,1,c1v1-measured-grpc1859-b10-L-bad-a1,c1v1-grpc1859-b10
668,B,10,2,grpc1859,3,L,bad,2,c1v1-measured-grpc1859-b10-L-bad-a2,c1v1-grpc1859-b10
669,B,10,2,grpc1859,3,L,bad,3,c1v1-measured-grpc1859-b10-L-bad-a3,c1v1-grpc1859-b10
670,B,10,2,grpc1859,4,R,ok,1,c1v1-measured-grpc1859-b10-R-ok-a1,c1v1-grpc1859-b10
671,B,10,2,grpc1859,4,R,ok,2,c1v1-measured-grpc1859-b10-R-ok-a2,c1v1-grpc1859-b10
672,B,10,2,grpc1859,4,R,ok,3,c1v1-measured-grpc1859-b10-R-ok-a3,c1v1-grpc1859-b10
673,B,10,3,istio17860,1,R,ok,1,c1v1-measured-istio17860-b10-R-ok-a1,c1v1-istio17860-b10
674,B,10,3,istio17860,1,R,ok,2,c1v1-measured-istio17860-b10-R-ok-a2,c1v1-istio17860-b10
675,B,10,3,istio17860,1,R,ok,3,c1v1-measured-istio17860-b10-R-ok-a3,c1v1-istio17860-b10
676,B,10,3,istio17860,2,L,bad,1,c1v1-measured-istio17860-b10-L-bad-a1,c1v1-istio17860-b10
677,B,10,3,istio17860,2,L,bad,2,c1v1-measured-istio17860-b10-L-bad-a2,c1v1-istio17860-b10
678,B,10,3,istio17860,2,L,bad,3,c1v1-measured-istio17860-b10-L-bad-a3,c1v1-istio17860-b10
679,B,10,3,istio17860,3,R,bad,1,c1v1-measured-istio17860-b10-R-bad-a1,c1v1-istio17860-b10
680,B,10,3,istio17860,3,R,bad,2,c1v1-measured-istio17860-b10-R-bad-a2,c1v1-istio17860-b10
681,B,10,3,istio17860,3,R,bad,3,c1v1-measured-istio17860-b10-R-bad-a3,c1v1-istio17860-b10
682,B,10,3,istio17860,4,L,ok,1,c1v1-measured-istio17860-b10-L-ok-a1,c1v1-istio17860-b10
683,B,10,3,istio17860,4,L,ok,2,c1v1-measured-istio17860-b10-L-ok-a2,c1v1-istio17860-b10
684,B,10,3,istio17860,4,L,ok,3,c1v1-measured-istio17860-b10-L-ok-a3,c1v1-istio17860-b10
685,B,10,4,etcd5509,1,L,bad,1,c1v1-measured-etcd5509-b10-L-bad-a1,c1v1-etcd5509-b10
686,B,10,4,etcd5509,1,L,bad,2,c1v1-measured-etcd5509-b10-L-bad-a2,c1v1-etcd5509-b10
687,B,10,4,etcd5509,1,L,bad,3,c1v1-measured-etcd5509-b10-L-bad-a3,c1v1-etcd5509-b10
688,B,10,4,etcd5509,2,R,bad,1,c1v1-measured-etcd5509-b10-R-bad-a1,c1v1-etcd5509-b10
689,B,10,4,etcd5509,2,R,bad,2,c1v1-measured-etcd5509-b10-R-bad-a2,c1v1-etcd5509-b10
690,B,10,4,etcd5509,2,R,bad,3,c1v1-measured-etcd5509-b10-R-bad-a3,c1v1-etcd5509-b10
691,B,10,4,etcd5509,3,L,ok,1,c1v1-measured-etcd5509-b10-L-ok-a1,c1v1-etcd5509-b10
692,B,10,4,etcd5509,3,L,ok,2,c1v1-measured-etcd5509-b10-L-ok-a2,c1v1-etcd5509-b10
693,B,10,4,etcd5509,3,L,ok,3,c1v1-measured-etcd5509-b10-L-ok-a3,c1v1-etcd5509-b10
694,B,10,4,etcd5509,4,R,ok,1,c1v1-measured-etcd5509-b10-R-ok-a1,c1v1-etcd5509-b10
695,B,10,4,etcd5509,4,R,ok,2,c1v1-measured-etcd5509-b10-R-ok-a2,c1v1-etcd5509-b10
696,B,10,4,etcd5509,4,R,ok,3,c1v1-measured-etcd5509-b10-R-ok-a3,c1v1-etcd5509-b10
697,B,10,5,k8s26980,1,L,ok,1,c1v1-measured-k8s26980-b10-L-ok-a1,c1v1-k8s26980-b10
698,B,10,5,k8s26980,1,L,ok,2,c1v1-measured-k8s26980-b10-L-ok-a2,c1v1-k8s26980-b10
699,B,10,5,k8s26980,1,L,ok,3,c1v1-measured-k8s26980-b10-L-ok-a3,c1v1-k8s26980-b10
700,B,10,5,k8s26980,2,R,bad,1,c1v1-measured-k8s26980-b10-R-bad-a1,c1v1-k8s26980-b10
701,B,10,5,k8s26980,2,R,bad,2,c1v1-measured-k8s26980-b10-R-bad-a2,c1v1-k8s26980-b10
702,B,10,5,k8s26980,2,R,bad,3,c1v1-measured-k8s26980-b10-R-bad-a3,c1v1-k8s26980-b10
703,B,10,5,k8s26980,3,L,bad,1,c1v1-measured-k8s26980-b10-L-bad-a1,c1v1-k8s26980-b10
704,B,10,5,k8s26980,3,L,bad,2,c1v1-measured-k8s26980-b10-L-bad-a2,c1v1-k8s26980-b10
705,B,10,5,k8s26980,3,L,bad,3,c1v1-measured-k8s26980-b10-L-bad-a3,c1v1-k8s26980-b10
706,B,10,5,k8s26980,4,R,ok,1,c1v1-measured-k8s26980-b10-R-ok-a1,c1v1-k8s26980-b10
707,B,10,5,k8s26980,4,R,ok,2,c1v1-measured-k8s26980-b10-R-ok-a2,c1v1-k8s26980-b10
708,B,10,5,k8s26980,4,R,ok,3,c1v1-measured-k8s26980-b10-R-ok-a3,c1v1-k8s26980-b10
709,B,10,6,etcd7492,1,R,bad,1,c1v1-measured-etcd7492-b10-R-bad-a1,c1v1-etcd7492-b10
710,B,10,6,etcd7492,1,R,bad,2,c1v1-measured-etcd7492-b10-R-bad-a2,c1v1-etcd7492-b10
711,B,10,6,etcd7492,1,R,bad,3,c1v1-measured-etcd7492-b10-R-bad-a3,c1v1-etcd7492-b10
712,B,10,6,etcd7492,2,R,ok,1,c1v1-measured-etcd7492-b10-R-ok-a1,c1v1-etcd7492-b10
713,B,10,6,etcd7492,2,R,ok,2,c1v1-measured-etcd7492-b10-R-ok-a2,c1v1-etcd7492-b10
714,B,10,6,etcd7492,2,R,ok,3,c1v1-measured-etcd7492-b10-R-ok-a3,c1v1-etcd7492-b10
715,B,10,6,etcd7492,3,L,bad,1,c1v1-measured-etcd7492-b10-L-bad-a1,c1v1-etcd7492-b10
716,B,10,6,etcd7492,3,L,bad,2,c1v1-measured-etcd7492-b10-L-bad-a2,c1v1-etcd7492-b10
717,B,10,6,etcd7492,3,L,bad,3,c1v1-measured-etcd7492-b10-L-bad-a3,c1v1-etcd7492-b10
718,B,10,6,etcd7492,4,L,ok,1,c1v1-measured-etcd7492-b10-L-ok-a1,c1v1-etcd7492-b10
719,B,10,6,etcd7492,4,L,ok,2,c1v1-measured-etcd7492-b10-L-ok-a2,c1v1-etcd7492-b10
720,B,10,6,etcd7492,4,L,ok,3,c1v1-measured-etcd7492-b10-L-ok-a3,c1v1-etcd7492-b10
